RecordDate,Province State,Max. CovidPositives
1/1/2021,california,2434974
1/1/2021,florida,1323315
1/1/2021,texas,1822635
1/1/2022,california,5519702
1/1/2022,florida,4209927
1/1/2022,texas,4679048
1/1/2023,california,11835336
1/1/2023,florida,7338503
1/1/2023,texas,8211474
1/10/2021,california,2815867
1/10/2021,florida,1477010
1/10/2021,texas,2004559
1/10/2022,california,6390686
1/10/2022,florida,4759073
1/10/2022,texas,5141819
1/10/2023,california,11915932
1/10/2023,florida,7393712
1/10/2023,texas,8252681
1/11/2021,california,2853985
1/11/2021,florida,1488586
1/11/2021,texas,2019409
1/11/2022,california,6542526
1/11/2022,florida,4806782
1/11/2022,texas,5198788
1/11/2023,california,11918811
1/11/2023,florida,7393712
1/11/2023,texas,8283118
1/12/2021,california,2892918
1/12/2021,florida,1503482
1/12/2021,texas,2045475
1/12/2022,california,6655720
1/12/2022,florida,4878524
1/12/2022,texas,5274882
1/12/2023,california,11920072
1/12/2023,florida,7393712
1/12/2023,texas,8284046
1/13/2021,california,2930185
1/13/2021,florida,1517472
1/13/2021,texas,2071517
1/13/2022,california,6804126
1/13/2022,florida,4933518
1/13/2022,texas,5349621
1/13/2023,california,11934565
1/13/2023,florida,7393712
1/13/2023,texas,8285236
1/14/2021,california,2973019
1/14/2021,florida,1531192
1/14/2021,texas,2095835
1/14/2022,california,6870330
1/14/2022,florida,4992579
1/14/2022,texas,5407735
1/14/2023,california,11934681
1/14/2023,florida,7393712
1/14/2023,texas,8285326
1/15/2021,california,3014496
1/15/2021,florida,1548067
1/15/2021,texas,2123024
1/15/2022,california,6914194
1/15/2022,florida,5041918
1/15/2022,texas,5477679
1/15/2023,california,11934802
1/15/2023,florida,7393712
1/15/2023,texas,8285370
1/16/2021,california,3055886
1/16/2021,florida,1560186
1/16/2021,texas,2147669
1/16/2022,california,7121304
1/16/2022,florida,5041918
1/16/2022,texas,5527820
1/16/2023,california,11934976
1/16/2023,florida,7393712
1/16/2023,texas,8285413
1/17/2021,california,3085760
1/17/2021,florida,1571279
1/17/2021,texas,2164102
1/17/2022,california,7222959
1/17/2022,florida,5041918
1/17/2022,texas,5596098
1/17/2023,california,11946858
1/17/2023,florida,7393712
1/17/2023,texas,8286793
1/18/2021,california,3111576
1/18/2021,florida,1579281
1/18/2021,texas,2175706
1/18/2022,california,7302657
1/18/2022,florida,5153539
1/18/2022,texas,5650130
1/18/2023,california,11951728
1/18/2023,florida,7393712
1/18/2023,texas,8308895
1/19/2021,california,3136350
1/19/2021,florida,1589097
1/19/2021,texas,2185224
1/19/2022,california,7430650
1/19/2022,florida,5196718
1/19/2022,texas,5706523
1/19/2023,california,11958712
1/19/2023,florida,7421680
1/19/2023,texas,8310024
1/2/2021,california,2481297
1/2/2021,florida,1354833
1/2/2021,texas,1827427
1/2/2022,california,5567236
1/2/2022,florida,4209927
1/2/2022,texas,4734215
1/2/2023,california,11835778
1/2/2023,florida,7338503
1/2/2023,texas,8211575
1/20/2021,california,3157509
1/20/2021,florida,1601011
1/20/2021,texas,2216469
1/20/2022,california,7565031
1/20/2022,florida,5242386
1/20/2022,texas,5753183
1/20/2023,california,11960482
1/20/2023,florida,7443954
1/20/2023,texas,8311716
1/21/2021,california,3180759
1/21/2021,florida,1613884
1/21/2021,texas,2238819
1/21/2022,california,7643172
1/21/2022,florida,5323337
1/21/2022,texas,5821021
1/21/2023,california,11960609
1/21/2023,florida,7443954
1/21/2023,texas,8311755
1/22/2020,california,0
1/22/2020,florida,0
1/22/2020,texas,0
1/22/2021,california,3203927
1/22/2021,florida,1627603
1/22/2021,texas,2261399
1/22/2022,california,7683980
1/22/2022,florida,5324438
1/22/2022,texas,5882649
1/22/2023,california,11960726
1/22/2023,florida,7443954
1/22/2023,texas,8311790
1/23/2020,california,0
1/23/2020,florida,0
1/23/2020,texas,0
1/23/2021,california,3228226
1/23/2021,florida,1639914
1/23/2021,texas,2279093
1/23/2022,california,7863053
1/23/2022,florida,5324438
1/23/2022,texas,5940663
1/23/2023,california,11961071
1/23/2023,florida,7443954
1/23/2023,texas,8312555
1/24/2020,california,0
1/24/2020,florida,0
1/24/2020,texas,0
1/24/2021,california,3254114
1/24/2021,florida,1649449
1/24/2021,texas,2290671
1/24/2022,california,7971154
1/24/2022,florida,5347828
1/24/2022,texas,5980546
1/24/2023,california,11975958
1/24/2023,florida,7443954
1/24/2023,texas,8313742
1/25/2020,california,0
1/25/2020,florida,0
1/25/2020,texas,0
1/25/2021,california,3271191
1/25/2021,florida,1658169
1/25/2021,texas,2297007
1/25/2022,california,8064057
1/25/2022,florida,5383094
1/25/2022,texas,6026265
1/25/2023,california,11977492
1/25/2023,florida,7443954
1/25/2023,texas,8333525
1/26/2020,california,2
1/26/2020,florida,0
1/26/2020,texas,0
1/26/2021,california,3289772
1/26/2021,florida,1667763
1/26/2021,texas,2323282
1/26/2022,california,8128539
1/26/2022,florida,5420755
1/26/2022,texas,6058642
1/26/2023,california,11983280
1/26/2023,florida,7443954
1/26/2023,texas,8334163
1/27/2020,california,2
1/27/2020,florida,0
1/27/2020,texas,0
1/27/2021,california,3307444
1/27/2021,florida,1676171
1/27/2021,texas,2342856
1/27/2022,california,8216891
1/27/2022,florida,5448288
1/27/2022,texas,6097092
1/27/2023,california,11985829
1/27/2023,florida,7443954
1/27/2023,texas,8335417
1/28/2020,california,2
1/28/2020,florida,0
1/28/2020,texas,0
1/28/2021,california,3327903
1/28/2021,florida,1687594
1/28/2021,texas,2361047
1/28/2022,california,8257065
1/28/2022,florida,5522206
1/28/2022,texas,6137784
1/28/2023,california,11985973
1/28/2023,florida,7443954
1/28/2023,texas,8335417
1/29/2020,california,2
1/29/2020,florida,0
1/29/2020,texas,0
1/29/2021,california,3347681
1/29/2021,florida,1698570
1/29/2021,texas,2380111
1/29/2022,california,8279645
1/29/2022,florida,5522206
1/29/2022,texas,6177011
1/29/2023,california,11986133
1/29/2023,florida,7443954
1/29/2023,texas,8335417
1/3/2021,california,2512668
1/3/2021,florida,1365436
1/3/2021,texas,1843572
1/3/2022,california,5707212
1/3/2022,florida,4209927
1/3/2022,texas,4795121
1/3/2023,california,11866824
1/3/2023,florida,7338503
1/3/2023,texas,8212461
1/30/2020,california,2
1/30/2020,florida,0
1/30/2020,texas,0
1/30/2021,california,3367408
1/30/2021,florida,1713589
1/30/2021,texas,2399223
1/30/2022,california,8393061
1/30/2022,florida,5522206
1/30/2022,texas,6201031
1/30/2023,california,11986537
1/30/2023,florida,7443954
1/30/2023,texas,8336211
1/31/2020,california,3
1/31/2020,florida,0
1/31/2020,texas,0
1/31/2021,california,3383758
1/31/2021,florida,1721377
1/31/2021,texas,2410731
1/31/2022,california,8440728
1/31/2022,florida,5535803
1/31/2022,texas,6233771
1/31/2023,california,12001858
1/31/2023,florida,7443954
1/31/2023,texas,8336979
1/4/2021,california,2549563
1/4/2021,florida,1376692
1/4/2021,texas,1861780
1/4/2022,california,5790075
1/4/2022,florida,4360178
1/4/2022,texas,4848770
1/4/2023,california,11869511
1/4/2023,florida,7338503
1/4/2023,texas,8245804
1/5/2021,california,2584826
1/5/2021,florida,1392123
1/5/2021,texas,1893431
1/5/2022,california,5848711
1/5/2022,florida,4360178
1/5/2022,texas,4897975
1/5/2023,california,11880625
1/5/2023,florida,7361744
1/5/2023,texas,8247210
1/6/2021,california,2623944
1/6/2021,florida,1409906
1/6/2021,texas,1917382
1/6/2022,california,5963266
1/6/2022,florida,4486276
1/6/2022,texas,4943183
1/6/2023,california,11887061
1/6/2023,florida,7393712
1/6/2023,texas,8249770
1/7/2021,california,2675592
1/7/2021,florida,1429722
1/7/2021,texas,1941915
1/7/2022,california,6024708
1/7/2022,florida,4606489
1/7/2022,texas,4997638
1/7/2023,california,11887284
1/7/2023,florida,7393712
1/7/2023,texas,8249892
1/8/2021,california,2728276
1/8/2021,florida,1449252
1/8/2021,texas,1965391
1/8/2022,california,6061714
1/8/2022,florida,4633077
1/8/2022,texas,5051703
1/8/2023,california,11887490
1/8/2023,florida,7393712
1/8/2023,texas,8250003
1/9/2021,california,2776975
1/9/2021,florida,1464697
1/9/2021,texas,1988676
1/9/2022,california,6259048
1/9/2022,florida,4633077
1/9/2022,texas,5094545
1/9/2023,california,11893010
1/9/2023,florida,7393712
1/9/2023,texas,8251041
10/1/2020,california,824977
10/1/2020,florida,709144
10/1/2020,texas,788955
10/1/2021,california,4744548
10/1/2021,florida,3620106
10/1/2021,texas,4107714
10/1/2022,california,11269950
10/1/2022,florida,7150188
10/1/2022,texas,7967777
10/10/2020,california,856819
10/10/2020,florida,728921
10/10/2020,texas,819648
10/10/2021,california,4801958
10/10/2021,florida,3645290
10/10/2021,texas,4170742
10/10/2022,california,11299971
10/10/2022,florida,7172780
10/10/2022,texas,7986480
10/11/2020,california,860192
10/11/2020,florida,734491
10/11/2020,texas,821157
10/11/2021,california,4806881
10/11/2021,florida,3645290
10/11/2021,texas,4173435
10/11/2022,california,11314306
10/11/2022,florida,7172780
10/11/2022,texas,7986979
10/12/2020,california,862829
10/12/2020,florida,736024
10/12/2020,texas,825830
10/12/2021,california,4812405
10/12/2021,florida,3645290
10/12/2021,texas,4183311
10/12/2022,california,11315345
10/12/2022,florida,7172780
10/12/2022,texas,7991021
10/13/2020,california,865701
10/13/2020,florida,738749
10/13/2020,texas,830269
10/13/2021,california,4816879
10/13/2021,florida,3645290
10/13/2021,texas,4192818
10/13/2022,california,11321537
10/13/2022,florida,7172780
10/13/2022,texas,7991747
10/14/2020,california,869185
10/14/2020,florida,741632
10/14/2020,texas,834980
10/14/2021,california,4822382
10/14/2021,florida,3645290
10/14/2021,texas,4199178
10/14/2022,california,11323324
10/14/2022,florida,7172780
10/14/2022,texas,7995494
10/15/2020,california,872473
10/15/2020,florida,744988
10/15/2020,texas,839050
10/15/2021,california,4825733
10/15/2021,florida,3664097
10/15/2021,texas,4206003
10/15/2022,california,11323445
10/15/2022,florida,7172780
10/15/2022,texas,7995531
10/16/2020,california,875677
10/16/2020,florida,748437
10/16/2020,texas,845307
10/16/2021,california,4825956
10/16/2021,florida,3664097
10/16/2021,texas,4211886
10/16/2022,california,11323583
10/16/2022,florida,7172780
10/16/2022,texas,7995565
10/17/2020,california,878695
10/17/2020,florida,752481
10/17/2020,texas,847423
10/17/2021,california,4839567
10/17/2021,florida,3664097
10/17/2021,texas,4212615
10/17/2022,california,11325417
10/17/2022,florida,7172780
10/17/2022,texas,7999819
10/18/2020,california,882136
10/18/2020,florida,755020
10/18/2020,texas,854222
10/18/2021,california,4845183
10/18/2021,florida,3664097
10/18/2021,texas,4214905
10/18/2022,california,11336287
10/18/2022,florida,7172780
10/18/2022,texas,8000314
10/19/2020,california,885535
10/19/2020,florida,756727
10/19/2020,texas,859360
10/19/2021,california,4850014
10/19/2021,florida,3664097
10/19/2021,texas,4222168
10/19/2022,california,11338826
10/19/2022,florida,7172780
10/19/2022,texas,8003550
10/2/2020,california,829122
10/2/2020,florida,711804
10/2/2020,texas,792957
10/2/2021,california,4746139
10/2/2021,florida,3620106
10/2/2021,texas,4115578
10/2/2022,california,11270097
10/2/2022,florida,7150188
10/2/2022,texas,7967811
10/20/2020,california,889413
10/20/2020,florida,760389
10/20/2020,texas,865090
10/20/2021,california,4855900
10/20/2021,florida,3664097
10/20/2021,texas,4227998
10/20/2022,california,11343725
10/20/2022,florida,7172780
10/20/2022,texas,8003950
10/21/2020,california,892595
10/21/2020,florida,762533
10/21/2020,texas,869576
10/21/2021,california,4862713
10/21/2021,florida,3664097
10/21/2021,texas,4232676
10/21/2022,california,11345386
10/21/2022,florida,7192835
10/21/2022,texas,8007108
10/22/2020,california,898964
10/22/2020,florida,768091
10/22/2020,texas,874723
10/22/2021,california,4864784
10/22/2021,florida,3678661
10/22/2021,texas,4238148
10/22/2022,california,11345507
10/22/2022,florida,7192835
10/22/2022,texas,8007121
10/23/2020,california,905183
10/23/2020,florida,771780
10/23/2020,texas,882070
10/23/2021,california,4866181
10/23/2021,florida,3678661
10/23/2021,texas,4242375
10/23/2022,california,11345649
10/23/2022,florida,7192835
10/23/2022,texas,8007140
10/24/2020,california,910428
10/24/2020,florida,776251
10/24/2020,texas,885590
10/24/2021,california,4867326
10/24/2021,florida,3678661
10/24/2021,texas,4244005
10/24/2022,california,11350134
10/24/2022,florida,7192835
10/24/2022,texas,8010450
10/25/2020,california,913388
10/25/2020,florida,778636
10/25/2020,texas,888186
10/25/2021,california,4887288
10/25/2021,florida,3678661
10/25/2021,texas,4245924
10/25/2022,california,11361513
10/25/2022,florida,7192835
10/25/2022,texas,8011045
10/26/2020,california,916782
10/26/2020,florida,782013
10/26/2020,texas,893687
10/26/2021,california,4892408
10/26/2021,florida,3678661
10/26/2021,texas,4252206
10/26/2022,california,11363028
10/26/2022,florida,7192835
10/26/2022,texas,8014232
10/27/2020,california,921479
10/27/2020,florida,786311
10/27/2020,texas,900223
10/27/2021,california,4897982
10/27/2021,florida,3678661
10/27/2021,texas,4257148
10/27/2022,california,11368145
10/27/2022,florida,7192835
10/27/2022,texas,8014574
10/28/2020,california,925861
10/28/2020,florida,790426
10/28/2020,texas,914169
10/28/2021,california,4905583
10/28/2021,florida,3678661
10/28/2021,texas,4261693
10/28/2022,california,11370022
10/28/2022,florida,7192835
10/28/2022,texas,8018789
10/29/2020,california,930253
10/29/2020,florida,794624
10/29/2020,texas,921311
10/29/2021,california,4908137
10/29/2021,florida,3690812
10/29/2021,texas,4267022
10/29/2022,california,11370157
10/29/2022,florida,7192835
10/29/2022,texas,8018809
10/3/2020,california,833380
10/3/2020,florida,714591
10/3/2020,texas,796886
10/3/2021,california,4760960
10/3/2021,florida,3620106
10/3/2021,texas,4118473
10/3/2022,california,11272851
10/3/2022,florida,7150188
10/3/2022,texas,7973385
10/30/2020,california,935564
10/30/2020,florida,800216
10/30/2020,texas,927164
10/30/2021,california,4909750
10/30/2021,florida,3690812
10/30/2021,texas,4271401
10/30/2022,california,11370340
10/30/2022,florida,7192835
10/30/2022,texas,8018818
10/31/2020,california,940262
10/31/2020,florida,802547
10/31/2020,texas,933267
10/31/2021,california,4922893
10/31/2021,florida,3690812
10/31/2021,texas,4272155
10/31/2022,california,11373188
10/31/2022,florida,7192835
10/31/2022,texas,8022488
10/4/2020,california,836165
10/4/2020,florida,716459
10/4/2020,texas,797801
10/4/2021,california,4766479
10/4/2021,florida,3620106
10/4/2021,texas,4121477
10/4/2022,california,11287631
10/4/2022,florida,7150188
10/4/2022,texas,7973986
10/5/2020,california,838016
10/5/2020,florida,717874
10/5/2020,texas,801275
10/5/2021,california,4772354
10/5/2021,florida,3620106
10/5/2021,texas,4131760
10/5/2022,california,11288862
10/5/2022,florida,7150188
10/5/2022,texas,7977464
10/6/2020,california,840992
10/6/2020,florida,720125
10/6/2020,texas,806794
10/6/2021,california,4777850
10/6/2021,florida,3620106
10/6/2021,texas,4145146
10/6/2022,california,11292418
10/6/2022,florida,7150188
10/6/2022,texas,7977925
10/7/2020,california,844889
10/7/2020,florida,722707
10/7/2020,texas,810048
10/7/2021,california,4784942
10/7/2021,florida,3620106
10/7/2021,texas,4154032
10/7/2022,california,11299488
10/7/2022,florida,7172780
10/7/2022,texas,7981940
10/8/2020,california,848809
10/8/2020,florida,726013
10/8/2020,texas,812872
10/8/2021,california,4787204
10/8/2021,florida,3645290
10/8/2021,texas,4162999
10/8/2022,california,11299614
10/8/2022,florida,7172780
10/8/2022,texas,7981985
10/9/2020,california,853017
10/9/2020,florida,728921
10/9/2020,texas,816006
10/9/2021,california,4788591
10/9/2021,florida,3645290
10/9/2021,texas,4168926
10/9/2022,california,11299741
10/9/2022,florida,7172780
10/9/2022,texas,7982017
11/1/2020,california,944472
11/1/2020,florida,807412
11/1/2020,texas,936844
11/1/2021,california,4930330
11/1/2021,florida,3690812
11/1/2021,texas,4273394
11/1/2022,california,11385138
11/1/2022,florida,7192835
11/1/2022,texas,8022878
11/10/2020,california,1002364
11/10/2020,florida,852174
11/10/2020,texas,1004012
11/10/2021,california,4983199
11/10/2021,florida,3701310
11/10/2021,texas,4305166
11/10/2022,california,11420040
11/10/2022,florida,7215992
11/10/2022,texas,8039037
11/11/2020,california,1009771
11/11/2020,florida,858012
11/11/2020,texas,1014558
11/11/2021,california,4985495
11/11/2021,florida,3701310
11/11/2021,texas,4309164
11/11/2022,california,11420966
11/11/2022,florida,7215992
11/11/2022,texas,8039275
11/12/2020,california,1017461
11/12/2020,florida,863619
11/12/2020,texas,1023437
11/12/2021,california,4995281
11/12/2021,florida,3711612
11/12/2021,texas,4312161
11/12/2022,california,11421198
11/12/2022,florida,7215992
11/12/2022,texas,8039293
11/13/2020,california,1027928
11/13/2020,florida,870552
11/13/2020,texas,1033508
11/13/2021,california,4998171
11/13/2021,florida,3711612
11/13/2021,texas,4316066
11/13/2022,california,11421472
11/13/2022,florida,7215992
11/13/2022,texas,8039316
11/14/2020,california,1039253
11/14/2020,florida,875096
11/14/2020,texas,1037589
11/14/2021,california,5004590
11/14/2021,florida,3711612
11/14/2021,texas,4316715
11/14/2022,california,11428164
11/14/2022,florida,7215992
11/14/2022,texas,8047287
11/15/2020,california,1048681
11/15/2020,florida,885201
11/15/2020,texas,1046605
11/15/2021,california,5009108
11/15/2021,florida,3711612
11/15/2021,texas,4318133
11/15/2022,california,11448069
11/15/2022,florida,7215992
11/15/2022,texas,8047721
11/16/2020,california,1058839
11/16/2020,florida,889864
11/16/2020,texas,1052480
11/16/2021,california,5014480
11/16/2021,florida,3711612
11/16/2021,texas,4322456
11/16/2022,california,11451691
11/16/2022,florida,7215992
11/16/2022,texas,8051534
11/17/2020,california,1070248
11/17/2020,florida,897323
11/17/2020,texas,1064427
11/17/2021,california,5019735
11/17/2021,florida,3711612
11/17/2021,texas,4327324
11/17/2022,california,11459145
11/17/2022,florida,7215992
11/17/2022,texas,8052171
11/18/2020,california,1082714
11/18/2020,florida,905248
11/18/2020,texas,1077156
11/18/2021,california,5025454
11/18/2021,florida,3711612
11/18/2021,texas,4332092
11/18/2022,california,11462222
11/18/2022,florida,7239478
11/18/2022,texas,8057433
11/19/2020,california,1097038
11/19/2020,florida,914333
11/19/2020,texas,1091706
11/19/2021,california,5028354
11/19/2021,florida,3721503
11/19/2021,texas,4336567
11/19/2022,california,11462569
11/19/2022,florida,7239478
11/19/2022,texas,8057468
11/2/2020,california,948973
11/2/2020,florida,812063
11/2/2020,texas,943106
11/2/2021,california,4934980
11/2/2021,florida,3690812
11/2/2021,texas,4278334
11/2/2022,california,11386834
11/2/2022,florida,7192835
11/2/2022,texas,8026029
11/20/2020,california,1113281
11/20/2020,florida,923418
11/20/2020,texas,1105317
11/20/2021,california,5030326
11/20/2021,florida,3721503
11/20/2021,texas,4339337
11/20/2022,california,11462890
11/20/2022,florida,7239478
11/20/2022,texas,8057490
11/21/2020,california,1128351
11/21/2020,florida,931827
11/21/2020,texas,1117814
11/21/2021,california,5040551
11/21/2021,florida,3721503
11/21/2021,texas,4340379
11/21/2022,california,11468430
11/21/2022,florida,7239478
11/21/2022,texas,8061784
11/22/2020,california,1136599
11/22/2020,florida,938414
11/22/2020,texas,1126235
11/22/2021,california,5045244
11/22/2021,florida,3721503
11/22/2021,texas,4342421
11/22/2022,california,11490266
11/22/2022,florida,7239478
11/22/2022,texas,8062362
11/23/2020,california,1153601
11/23/2020,florida,944745
11/23/2020,texas,1145851
11/23/2021,california,5049830
11/23/2021,florida,3721503
11/23/2021,texas,4346109
11/23/2022,california,11494109
11/23/2022,florida,7239478
11/23/2022,texas,8067256
11/24/2020,california,1172922
11/24/2020,florida,953300
11/24/2020,texas,1162159
11/24/2021,california,5051943
11/24/2021,florida,3721503
11/24/2021,texas,4350480
11/24/2022,california,11499621
11/24/2022,florida,7239478
11/24/2022,texas,8067301
11/25/2020,california,1188646
11/25/2020,florida,961676
11/25/2020,texas,1174918
11/25/2021,california,5052041
11/25/2021,florida,3721503
11/25/2021,texas,4354993
11/25/2022,california,11505831
11/25/2022,florida,7239478
11/25/2022,texas,8067333
11/26/2020,california,1201274
11/26/2020,florida,961676
11/26/2020,texas,1180698
11/26/2021,california,5054266
11/26/2021,florida,3721503
11/26/2021,texas,4355658
11/26/2022,california,11506370
11/26/2022,florida,7239478
11/26/2022,texas,8067381
11/27/2020,california,1214101
11/27/2020,florida,979020
11/27/2020,texas,1196170
11/27/2021,california,5055054
11/27/2021,florida,3721503
11/27/2021,texas,4356289
11/27/2022,california,11506913
11/27/2022,florida,7239478
11/27/2022,texas,8067414
11/28/2020,california,1229991
11/28/2020,florida,985297
11/28/2020,texas,1213839
11/28/2021,california,5069878
11/28/2021,florida,3721503
11/28/2021,texas,4356699
11/28/2022,california,11513527
11/28/2022,florida,7239478
11/28/2022,texas,8076863
11/29/2020,california,1244151
11/29/2020,florida,992660
11/29/2020,texas,1225409
11/29/2021,california,5075481
11/29/2021,florida,3721503
11/29/2021,texas,4359886
11/29/2022,california,11536013
11/29/2022,florida,7239478
11/29/2022,texas,8077763
11/3/2020,california,954691
11/3/2020,florida,816700
11/3/2020,texas,948626
11/3/2021,california,4940472
11/3/2021,florida,3690812
11/3/2021,texas,4283172
11/3/2022,california,11392160
11/3/2022,florida,7203370
11/3/2022,texas,8026483
11/30/2020,california,1259126
11/30/2020,florida,999319
11/30/2020,texas,1237189
11/30/2021,california,5081190
11/30/2021,florida,3730395
11/30/2021,texas,4366395
11/30/2022,california,11541655
11/30/2022,florida,7239478
11/30/2022,texas,8085648
11/4/2020,california,959877
11/4/2020,florida,821123
11/4/2020,texas,956158
11/4/2021,california,4948757
11/4/2021,florida,3690812
11/4/2021,texas,4286465
11/4/2022,california,11394477
11/4/2022,florida,7215992
11/4/2022,texas,8030302
11/5/2020,california,966950
11/5/2020,florida,827380
11/5/2020,texas,965323
11/5/2021,california,4951936
11/5/2021,florida,3701310
11/5/2021,texas,4289996
11/5/2022,california,11394699
11/5/2022,florida,7215992
11/5/2022,texas,8030328
11/6/2020,california,973277
11/6/2020,florida,832625
11/6/2020,texas,972281
11/6/2021,california,4953718
11/6/2021,florida,3701310
11/6/2021,texas,4292981
11/6/2022,california,11394914
11/6/2022,florida,7215992
11/6/2022,texas,8030359
11/7/2020,california,982135
11/7/2020,florida,837077
11/7/2020,texas,976464
11/7/2021,california,4966157
11/7/2021,florida,3701310
11/7/2021,texas,4294210
11/7/2022,california,11398393
11/7/2022,florida,7215992
11/7/2022,texas,8034210
11/8/2020,california,987977
11/8/2020,florida,843897
11/8/2020,texas,986619
11/8/2021,california,4973355
11/8/2021,florida,3701310
11/8/2021,texas,4295857
11/8/2022,california,11412477
11/8/2022,florida,7215992
11/8/2022,texas,8034741
11/9/2020,california,994122
11/9/2020,florida,847821
11/9/2020,texas,996273
11/9/2021,california,4978132
11/9/2021,florida,3701310
11/9/2021,texas,4300761
11/9/2022,california,11415573
11/9/2022,florida,7215992
11/9/2022,texas,8038337
12/1/2020,california,1282752
12/1/2020,florida,1008166
12/1/2020,texas,1254504
12/1/2021,california,5086503
12/1/2021,florida,3730395
12/1/2021,texas,4370075
12/1/2022,california,11551452
12/1/2022,florida,7252023
12/1/2022,texas,8087757
12/10/2020,california,1541257
12/10/2020,florida,1094697
12/10/2020,texas,1380215
12/10/2021,california,5146122
12/10/2021,florida,3754042
12/10/2021,texas,4414884
12/10/2022,california,11645156
12/10/2022,florida,7270410
12/10/2022,texas,8118564
12/11/2020,california,1578986
12/11/2020,florida,1106396
12/11/2020,texas,1396334
12/11/2021,california,5148090
12/11/2021,florida,3754042
12/11/2021,texas,4419629
12/11/2022,california,11645531
12/11/2022,florida,7270410
12/11/2022,texas,8118621
12/12/2020,california,1610803
12/12/2020,florida,1116973
12/12/2020,texas,1410296
12/12/2021,california,5160820
12/12/2021,florida,3754042
12/12/2021,texas,4422238
12/12/2022,california,11654265
12/12/2022,florida,7270410
12/12/2022,texas,8119398
12/13/2020,california,1641382
12/13/2020,florida,1125931
12/13/2020,texas,1424372
12/13/2021,california,5167097
12/13/2021,florida,3754042
12/13/2021,texas,4426465
12/13/2022,california,11692081
12/13/2022,florida,7270410
12/13/2022,texas,8120312
12/14/2020,california,1674742
12/14/2020,florida,1134383
12/14/2020,texas,1446092
12/14/2021,california,5173473
12/14/2021,florida,3754042
12/14/2021,texas,4431151
12/14/2022,california,11696982
12/14/2022,florida,7270410
12/14/2022,texas,8145654
12/15/2020,california,1729978
12/15/2020,florida,1143794
12/15/2020,texas,1468312
12/15/2021,california,5179513
12/15/2021,florida,3754042
12/15/2021,texas,4436131
12/15/2022,california,11711281
12/15/2022,florida,7290073
12/15/2022,texas,8146968
12/16/2020,california,1786100
12/16/2020,florida,1155335
12/16/2020,texas,1486244
12/16/2021,california,5187589
12/16/2021,florida,3754042
12/16/2021,texas,4441924
12/16/2022,california,11716143
12/16/2022,florida,7312963
12/16/2022,texas,8148019
12/17/2020,california,1830533
12/17/2020,florida,1168483
12/17/2020,texas,1505462
12/17/2021,california,5192534
12/17/2021,florida,3782883
12/17/2021,texas,4447944
12/17/2022,california,11716534
12/17/2022,florida,7312963
12/17/2022,texas,8148124
12/18/2020,california,1876103
12/18/2020,florida,1181483
12/18/2020,texas,1524149
12/18/2021,california,5196492
12/18/2021,florida,3782883
12/18/2021,texas,4456009
12/18/2022,california,11716948
12/18/2022,florida,7312963
12/18/2022,texas,8148193
12/19/2020,california,1921351
12/19/2020,florida,1193165
12/19/2020,texas,1534698
12/19/2021,california,5213302
12/19/2021,florida,3782883
12/19/2021,texas,4463448
12/19/2022,california,11724596
12/19/2022,florida,7312963
12/19/2022,texas,8148887
12/2/2020,california,1303452
12/2/2020,florida,1018160
12/2/2020,texas,1267657
12/2/2021,california,5094834
12/2/2021,florida,3730395
12/2/2021,texas,4374850
12/2/2022,california,11561618
12/2/2022,florida,7270410
12/2/2022,texas,8088478
12/20/2020,california,1958292
12/20/2020,florida,1201566
12/20/2020,texas,1552598
12/20/2021,california,5223866
12/20/2021,florida,3782883
12/20/2021,texas,4474051
12/20/2022,california,11750909
12/20/2022,florida,7312963
12/20/2022,texas,8150236
12/21/2020,california,1995695
12/21/2020,florida,1212581
12/21/2020,texas,1576769
12/21/2021,california,5235756
12/21/2021,florida,3782883
12/21/2021,texas,4484460
12/21/2022,california,11755565
12/21/2022,florida,7312963
12/21/2022,texas,8176976
12/22/2020,california,2035315
12/22/2020,florida,1223015
12/22/2020,texas,1600102
12/22/2021,california,5251605
12/22/2021,florida,3799661
12/22/2021,texas,4494654
12/22/2022,california,11769574
12/22/2022,florida,7312963
12/22/2022,texas,8177853
12/23/2020,california,2075986
12/23/2020,florida,1234399
12/23/2020,texas,1619562
12/23/2021,california,5272503
12/23/2021,florida,3832530
12/23/2021,texas,4507158
12/23/2022,california,11780897
12/23/2022,florida,7312963
12/23/2022,texas,8177936
12/24/2020,california,2120381
12/24/2020,florida,1247546
12/24/2020,texas,1635372
12/24/2021,california,5285563
12/24/2021,florida,3907748
12/24/2021,texas,4520987
12/24/2022,california,11781265
12/24/2022,florida,7312963
12/24/2022,texas,8178013
12/25/2020,california,2147293
12/25/2020,florida,1247546
12/25/2020,texas,1650721
12/25/2021,california,5286215
12/25/2021,florida,3907748
12/25/2021,texas,4536347
12/25/2022,california,11781489
12/25/2022,florida,7312963
12/25/2022,texas,8178073
12/26/2020,california,2198925
12/26/2020,florida,1264588
12/26/2020,texas,1664167
12/26/2021,california,5308246
12/26/2021,florida,3907748
12/26/2021,texas,4548503
12/26/2022,california,11782006
12/26/2022,florida,7312963
12/26/2022,texas,8178120
12/27/2020,california,2231986
12/27/2020,florida,1271979
12/27/2020,texas,1673844
12/27/2021,california,5357159
12/27/2021,florida,3936170
12/27/2021,texas,4565840
12/27/2022,california,11813167
12/27/2022,florida,7312963
12/27/2022,texas,8179034
12/28/2020,california,2269314
12/28/2020,florida,1280177
12/28/2020,texas,1689434
12/28/2021,california,5387002
12/28/2021,florida,3965229
12/28/2021,texas,4580705
12/28/2022,california,11816016
12/28/2022,florida,7312963
12/28/2022,texas,8206993
12/29/2020,california,2306370
12/29/2020,florida,1292252
12/29/2020,texas,1715547
12/29/2021,california,5426974
12/29/2021,florida,4012152
12/29/2021,texas,4595131
12/29/2022,california,11829163
12/29/2022,florida,7338503
12/29/2022,texas,8209715
12/3/2020,california,1327956
12/3/2020,florida,1029030
12/3/2020,texas,1282059
12/3/2021,california,5098311
12/3/2021,florida,3741058
12/3/2021,texas,4379604
12/3/2022,california,11562078
12/3/2022,florida,7270410
12/3/2022,texas,8088571
12/30/2020,california,2327256
12/30/2020,florida,1306123
12/30/2020,texas,1734592
12/30/2021,california,5481898
12/30/2021,florida,4090000
12/30/2021,texas,4610880
12/30/2022,california,11834799
12/30/2022,florida,7338503
12/30/2022,texas,8211225
12/31/2020,california,2384723
12/31/2020,florida,1323315
12/31/2020,texas,1805998
12/31/2021,california,5517998
12/31/2021,florida,4209927
12/31/2021,texas,4626751
12/31/2022,california,11835094
12/31/2022,florida,7338503
12/31/2022,texas,8211376
12/4/2020,california,1355126
12/4/2020,florida,1039207
12/4/2020,texas,1295998
12/4/2021,california,5100804
12/4/2021,florida,3741058
12/4/2021,texas,4387741
12/4/2022,california,11562556
12/4/2022,florida,7270410
12/4/2022,texas,8088638
12/5/2020,california,1385682
12/5/2020,florida,1049638
12/5/2020,texas,1312169
12/5/2021,california,5115851
12/5/2021,florida,3741058
12/5/2021,texas,4392976
12/5/2022,california,11573666
12/5/2022,florida,7270410
12/5/2022,texas,8089426
12/6/2020,california,1410546
12/6/2020,florida,1058074
12/6/2020,texas,1323578
12/6/2021,california,5123019
12/6/2021,florida,3741058
12/6/2021,texas,4396826
12/6/2022,california,11615979
12/6/2022,florida,7270410
12/6/2022,texas,8090263
12/7/2020,california,1436431
12/7/2020,florida,1065785
12/7/2020,texas,1337382
12/7/2021,california,5127819
12/7/2021,florida,3741058
12/7/2021,texas,4401834
12/7/2022,california,11621923
12/7/2022,florida,7270410
12/7/2022,texas,8115292
12/8/2020,california,1470735
12/8/2020,florida,1073770
12/8/2020,texas,1350480
12/8/2021,california,5136008
12/8/2021,florida,3741058
12/8/2021,texas,4405731
12/8/2022,california,11639163
12/8/2022,florida,7270410
12/8/2022,texas,8116492
12/9/2020,california,1502708
12/9/2020,florida,1083362
12/9/2020,texas,1364565
12/9/2021,california,5142728
12/9/2021,florida,3741058
12/9/2021,texas,4409872
12/9/2022,california,11644729
12/9/2022,florida,7270410
12/9/2022,texas,8118437
2/1/2020,california,3
2/1/2020,florida,0
2/1/2020,texas,0
2/1/2021,california,3396856
2/1/2021,florida,1727107
2/1/2021,texas,2442550
2/1/2022,california,8481528
2/1/2022,florida,5555874
2/1/2022,texas,6275128
2/1/2023,california,12003780
2/1/2023,florida,7443954
2/1/2023,texas,8372997
2/10/2020,california,6
2/10/2020,florida,0
2/10/2020,texas,0
2/10/2021,california,3506169
2/10/2021,florida,1798280
2/10/2021,texas,2567499
2/10/2022,california,8785398
2/10/2022,florida,5723066
2/10/2022,texas,6458449
2/10/2023,california,12035976
2/10/2023,florida,7483857
2/10/2023,texas,8398960
2/11/2020,california,7
2/11/2020,florida,0
2/11/2020,texas,0
2/11/2021,california,3517140
2/11/2021,florida,1806805
2/11/2021,texas,2579372
2/11/2022,california,8796222
2/11/2022,florida,5776333
2/11/2022,texas,6472685
2/11/2023,california,12036125
2/11/2023,florida,7483857
2/11/2023,texas,8399403
2/12/2020,california,7
2/12/2020,florida,0
2/12/2020,texas,0
2/12/2021,california,3526882
2/12/2021,florida,1814422
2/12/2021,texas,2591878
2/12/2022,california,8801252
2/12/2022,florida,5776333
2/12/2022,texas,6484255
2/12/2023,california,12036268
2/12/2023,florida,7483857
2/12/2023,texas,8399403
2/13/2020,california,8
2/13/2020,florida,0
2/13/2020,texas,0
2/13/2021,california,3537187
2/13/2021,florida,1821937
2/13/2021,texas,2603152
2/13/2022,california,8830604
2/13/2022,florida,5776333
2/13/2022,texas,6492275
2/13/2023,california,12036521
2/13/2023,florida,7483857
2/13/2023,texas,8400059
2/14/2020,california,8
2/14/2020,florida,0
2/14/2020,texas,0
2/14/2021,california,3543968
2/14/2021,florida,1827373
2/14/2021,texas,2610086
2/14/2022,california,8844172
2/14/2022,florida,5776333
2/14/2022,texas,6499876
2/14/2023,california,12049529
2/14/2023,florida,7483857
2/14/2023,texas,8401082
2/15/2020,california,8
2/15/2020,florida,0
2/15/2020,texas,0
2/15/2021,california,3549753
2/15/2021,florida,1830988
2/15/2021,texas,2613978
2/15/2022,california,8855149
2/15/2022,florida,5776333
2/15/2022,texas,6511509
2/15/2023,california,12049792
2/15/2023,florida,7483857
2/15/2023,texas,8416861
2/16/2020,california,8
2/16/2020,florida,0
2/16/2020,texas,0
2/16/2021,california,3554871
2/16/2021,florida,1837285
2/16/2021,texas,2617316
2/16/2022,california,8871583
2/16/2022,florida,5776333
2/16/2022,texas,6519899
2/16/2023,california,12060681
2/16/2023,florida,7483857
2/16/2023,texas,8417265
2/17/2020,california,9
2/17/2020,florida,0
2/17/2020,texas,0
2/17/2021,california,3561327
2/17/2021,florida,1844627
2/17/2021,texas,2621096
2/17/2022,california,8886498
2/17/2022,florida,5776333
2/17/2022,texas,6529589
2/17/2023,california,12062858
2/17/2023,florida,7516906
2/17/2023,texas,8417810
2/18/2020,california,10
2/18/2020,florida,0
2/18/2020,texas,0
2/18/2021,california,3568734
2/18/2021,florida,1849744
2/18/2021,texas,2624232
2/18/2022,california,8894013
2/18/2022,florida,5818706
2/18/2022,texas,6541267
2/18/2023,california,12062974
2/18/2023,florida,7516906
2/18/2023,texas,8417810
2/19/2020,california,10
2/19/2020,florida,0
2/19/2020,texas,0
2/19/2021,california,3576426
2/19/2021,florida,1856427
2/19/2021,texas,2627187
2/19/2022,california,8897391
2/19/2022,florida,5818706
2/19/2022,texas,6549582
2/19/2023,california,12063066
2/19/2023,florida,7516906
2/19/2023,texas,8417810
2/2/2020,california,3
2/2/2020,florida,0
2/2/2020,texas,0
2/2/2021,california,3409001
2/2/2021,florida,1737640
2/2/2021,texas,2465597
2/2/2022,california,8513146
2/2/2022,florida,5572757
2/2/2022,texas,6303841
2/2/2023,california,12009956
2/2/2023,florida,7465016
2/2/2023,texas,8373501
2/20/2020,california,10
2/20/2020,florida,0
2/20/2020,texas,0
2/20/2021,california,3583985
2/20/2021,florida,1863707
2/20/2021,texas,2633683
2/20/2022,california,8900179
2/20/2022,florida,5818706
2/20/2022,texas,6551285
2/20/2023,california,12063166
2/20/2023,florida,7516906
2/20/2023,texas,8417995
2/21/2020,california,10
2/21/2020,florida,0
2/21/2020,texas,0
2/21/2021,california,3589116
2/21/2021,florida,1868772
2/21/2021,texas,2638173
2/21/2022,california,8923481
2/21/2022,florida,5818706
2/21/2022,texas,6555964
2/21/2023,california,12074388
2/21/2023,florida,7516906
2/21/2023,texas,8418462
2/22/2020,california,10
2/22/2020,florida,0
2/22/2020,texas,0
2/22/2021,california,3593197
2/22/2021,florida,1872923
2/22/2021,texas,2644543
2/22/2022,california,8933113
2/22/2022,florida,5818706
2/22/2022,texas,6562636
2/22/2023,california,12074416
2/22/2023,florida,7516906
2/22/2023,texas,8432315
2/23/2020,california,10
2/23/2020,florida,0
2/23/2020,texas,0
2/23/2021,california,3599267
2/23/2021,florida,1878533
2/23/2021,texas,2656350
2/23/2022,california,8943068
2/23/2022,florida,5818706
2/23/2022,texas,6568186
2/23/2023,california,12084289
2/23/2023,florida,7516906
2/23/2023,texas,8432804
2/24/2020,california,11
2/24/2020,florida,0
2/24/2020,texas,0
2/24/2021,california,3605302
2/24/2021,florida,1885661
2/24/2021,texas,2663833
2/24/2022,california,8956876
2/24/2022,florida,5818706
2/24/2022,texas,6574635
2/24/2023,california,12086033
2/24/2023,florida,7516906
2/24/2023,texas,8434751
2/25/2020,california,12
2/25/2020,florida,0
2/25/2020,texas,0
2/25/2021,california,3611326
2/25/2021,florida,1892301
2/25/2021,texas,2671183
2/25/2022,california,8961205
2/25/2022,florida,5818706
2/25/2022,texas,6581518
2/25/2023,california,12086041
2/25/2023,florida,7516906
2/25/2023,texas,8434751
2/26/2020,california,13
2/26/2020,florida,0
2/26/2020,texas,0
2/26/2021,california,3617392
2/26/2021,florida,1898223
2/26/2021,texas,2679126
2/26/2022,california,8963499
2/26/2022,florida,5844229
2/26/2022,texas,6586244
2/26/2023,california,12086049
2/26/2023,florida,7516906
2/26/2023,texas,8434751
2/27/2020,california,13
2/27/2020,florida,0
2/27/2020,texas,0
2/27/2021,california,3622725
2/27/2021,florida,1903682
2/27/2021,texas,2690215
2/27/2022,california,8974245
2/27/2022,florida,5844229
2/27/2022,texas,6587208
2/27/2023,california,12086073
2/27/2023,florida,7516906
2/27/2023,texas,8435431
2/28/2020,california,13
2/28/2020,florida,0
2/28/2020,texas,0
2/28/2021,california,3626629
2/28/2021,florida,1909221
2/28/2021,texas,2694033
2/28/2022,california,8982134
2/28/2022,florida,5844096
2/28/2022,texas,6591064
2/28/2023,california,12097613
2/28/2023,florida,7516906
2/28/2023,texas,8436255
2/29/2020,california,13
2/29/2020,florida,0
2/29/2020,texas,0
2/3/2020,california,6
2/3/2020,florida,0
2/3/2020,texas,0
2/3/2021,california,3422935
2/3/2021,florida,1744619
2/3/2021,texas,2483162
2/3/2022,california,8564343
2/3/2022,florida,5572757
2/3/2022,texas,6334016
2/3/2023,california,12012435
2/3/2023,florida,7483857
2/3/2023,texas,8374364
2/4/2020,california,6
2/4/2020,florida,0
2/4/2020,texas,0
2/4/2021,california,3437545
2/4/2021,florida,1752330
2/4/2021,texas,2498436
2/4/2022,california,8586696
2/4/2022,florida,5653565
2/4/2022,texas,6356074
2/4/2023,california,12012579
2/4/2023,florida,7483857
2/4/2023,texas,8374364
2/5/2020,california,6
2/5/2020,florida,0
2/5/2020,texas,0
2/5/2021,california,3451272
2/5/2021,florida,1763873
2/5/2021,texas,2512932
2/5/2022,california,8597205
2/5/2022,florida,5653905
2/5/2022,texas,6374862
2/5/2023,california,12012750
2/5/2023,florida,7483857
2/5/2023,texas,8374364
2/6/2020,california,6
2/6/2020,florida,0
2/6/2020,texas,0
2/6/2021,california,3466348
2/6/2021,florida,1771359
2/6/2021,texas,2526817
2/6/2022,california,8631124
2/6/2022,florida,5653905
2/6/2022,texas,6392034
2/6/2023,california,12015243
2/6/2023,florida,7483857
2/6/2023,texas,8375133
2/7/2020,california,6
2/7/2020,florida,0
2/7/2020,texas,0
2/7/2021,california,3477879
2/7/2021,florida,1777983
2/7/2021,texas,2533780
2/7/2022,california,8677323
2/7/2022,florida,5680958
2/7/2022,texas,6410928
2/7/2023,california,12022003
2/7/2023,florida,7483857
2/7/2023,texas,8375763
2/8/2020,california,6
2/8/2020,florida,0
2/8/2020,texas,0
2/8/2021,california,3487269
2/8/2021,florida,1783720
2/8/2021,texas,2541272
2/8/2022,california,8749154
2/8/2022,florida,5700264
2/8/2022,texas,6425852
2/8/2023,california,12022297
2/8/2023,florida,7483857
2/8/2023,texas,8376591
2/9/2020,california,6
2/9/2020,florida,0
2/9/2020,texas,0
2/9/2021,california,3497033
2/9/2021,florida,1790743
2/9/2021,texas,2554610
2/9/2022,california,8763025
2/9/2022,florida,5713185
2/9/2022,texas,6441195
2/9/2023,california,12033690
2/9/2023,florida,7483857
2/9/2023,texas,8398730
3/1/2020,california,19
3/1/2020,florida,0
3/1/2020,texas,0
3/1/2021,california,3629660
3/1/2021,florida,1910921
3/1/2021,texas,2697857
3/1/2022,california,8986444
3/1/2022,florida,5844096
3/1/2022,texas,6596293
3/1/2023,california,12097613
3/1/2023,florida,7516906
3/1/2023,texas,8453435
3/10/2020,california,158
3/10/2020,florida,15
3/10/2020,texas,16
3/10/2021,california,3667909
3/10/2021,florida,1957586
3/10/2021,texas,2749517
3/10/2022,california,9032549
3/10/2022,florida,5858052
3/10/2022,texas,6632646
3/11/2020,california,183
3/11/2020,florida,24
3/11/2020,texas,21
3/11/2021,california,3671787
3/11/2021,florida,1962651
3/11/2021,texas,2754253
3/11/2022,california,9035262
3/11/2022,florida,5868330
3/11/2022,texas,6640858
3/12/2020,california,226
3/12/2020,florida,30
3/12/2020,texas,27
3/12/2021,california,3676385
3/12/2021,florida,1967865
3/12/2021,texas,2760748
3/12/2022,california,9036885
3/12/2022,florida,5868263
3/12/2022,texas,6644143
3/13/2020,california,279
3/13/2020,florida,50
3/13/2020,texas,44
3/13/2021,california,3678466
3/13/2021,florida,1973109
3/13/2021,texas,2765635
3/13/2022,california,9042036
3/13/2022,florida,5868263
3/13/2022,texas,6645313
3/14/2020,california,335
3/14/2020,florida,76
3/14/2020,texas,60
3/14/2021,california,3681073
3/14/2021,florida,1976808
3/14/2021,texas,2768266
3/14/2022,california,9046862
3/14/2022,florida,5868263
3/14/2022,texas,6646528
3/15/2020,california,374
3/15/2020,florida,100
3/15/2020,texas,64
3/15/2021,california,3682738
3/15/2021,florida,1979634
3/15/2021,texas,2771013
3/15/2022,california,9048693
3/15/2022,florida,5868263
3/15/2022,texas,6649875
3/16/2020,california,533
3/16/2020,florida,101
3/16/2020,texas,85
3/16/2021,california,3685330
3/16/2021,florida,1984425
3/16/2021,texas,2776071
3/16/2022,california,9052399
3/16/2022,florida,5868263
3/16/2022,texas,6652879
3/17/2020,california,617
3/17/2020,florida,190
3/17/2020,texas,111
3/17/2021,california,3688688
3/17/2021,florida,1989024
3/17/2021,texas,2781144
3/17/2022,california,9058542
3/17/2022,florida,5868263
3/17/2022,texas,6657885
3/18/2020,california,793
3/18/2020,florida,306
3/18/2020,texas,197
3/18/2021,california,3692267
3/18/2021,florida,1994117
3/18/2021,texas,2785677
3/18/2022,california,9062746
3/18/2022,florida,5868263
3/18/2022,texas,6661113
3/19/2020,california,983
3/19/2020,florida,432
3/19/2020,texas,306
3/19/2021,california,3695629
3/19/2021,florida,1999257
3/19/2021,texas,2789249
3/19/2022,california,9066002
3/19/2022,florida,5868263
3/19/2022,texas,6662656
3/2/2020,california,23
3/2/2020,florida,1
3/2/2020,texas,0
3/2/2021,california,3633921
3/2/2021,florida,1918100
3/2/2021,texas,2705597
3/2/2022,california,8993487
3/2/2022,florida,5844096
3/2/2022,texas,6600365
3/2/2023,california,12107856
3/2/2023,florida,7528420
3/2/2023,texas,8453813
3/20/2020,california,1244
3/20/2020,florida,564
3/20/2020,texas,429
3/20/2021,california,3699053
3/20/2021,florida,2004362
3/20/2021,texas,2793042
3/20/2022,california,9070661
3/20/2022,florida,5868263
3/20/2022,texas,6664887
3/21/2020,california,1396
3/21/2020,florida,763
3/21/2020,texas,582
3/21/2021,california,3701189
3/21/2021,florida,2008349
3/21/2021,texas,2795029
3/21/2022,california,9076160
3/21/2022,florida,5868263
3/21/2022,texas,6665876
3/22/2020,california,1697
3/22/2020,florida,1004
3/22/2020,texas,643
3/22/2021,california,3703302
3/22/2021,florida,2011211
3/22/2021,texas,2797563
3/22/2022,california,9079164
3/22/2022,florida,5868263
3/22/2022,texas,6671274
3/23/2020,california,2073
3/23/2020,florida,1227
3/23/2020,texas,764
3/23/2021,california,3705505
3/23/2021,florida,2016513
3/23/2021,texas,2802143
3/23/2022,california,9083107
3/23/2022,florida,5868263
3/23/2022,texas,6683765
3/24/2020,california,2501
3/24/2020,florida,1412
3/24/2020,texas,968
3/24/2021,california,3708305
3/24/2021,florida,2021656
3/24/2021,texas,2806477
3/24/2022,california,9086657
3/24/2022,florida,5868263
3/24/2022,texas,6689962
3/25/2020,california,3013
3/25/2020,florida,1682
3/25/2020,texas,1248
3/25/2021,california,3711174
3/25/2021,florida,2027429
3/25/2021,texas,2809714
3/25/2022,california,9088617
3/25/2022,florida,5885004
3/25/2022,texas,6694324
3/26/2020,california,3879
3/26/2020,florida,2357
3/26/2020,texas,1563
3/26/2021,california,3714701
3/26/2021,florida,2033179
3/26/2021,texas,2815299
3/26/2022,california,9089652
3/26/2022,florida,5885004
3/26/2022,texas,6699455
3/27/2020,california,4549
3/27/2020,florida,2900
3/27/2020,texas,1937
3/27/2021,california,3717806
3/27/2021,florida,2039062
3/27/2021,texas,2819506
3/27/2022,california,9093036
3/27/2022,florida,5885004
3/27/2022,texas,6699830
3/28/2020,california,7514
3/28/2020,florida,3763
3/28/2020,texas,2455
3/28/2021,california,3720238
3/28/2021,florida,2044005
3/28/2021,texas,2821921
3/28/2022,california,9095847
3/28/2022,florida,5885004
3/28/2022,texas,6700379
3/29/2020,california,5495
3/29/2020,florida,4246
3/29/2020,texas,2792
3/29/2021,california,3722513
3/29/2021,florida,2047379
3/29/2021,texas,2825512
3/29/2022,california,9097693
3/29/2022,florida,5885004
3/29/2022,texas,6705607
3/3/2020,california,29
3/3/2020,florida,2
3/3/2020,texas,0
3/3/2021,california,3638297
3/3/2021,florida,1924114
3/3/2021,texas,2713405
3/3/2022,california,9000996
3/3/2022,florida,5844096
3/3/2022,texas,6604614
3/3/2023,california,12110179
3/3/2023,florida,7574590
3/3/2023,texas,8454365
3/30/2020,california,6864
3/30/2020,florida,5473
3/30/2020,texas,3173
3/30/2021,california,3724672
3/30/2021,florida,2052441
3/30/2021,texas,2828649
3/30/2022,california,9101478
3/30/2022,florida,5885004
3/30/2022,texas,6708246
3/31/2020,california,8011
3/31/2020,florida,6741
3/31/2020,texas,3809
3/31/2021,california,3727253
3/31/2021,florida,2057735
3/31/2021,texas,2833138
3/31/2022,california,9106011
3/31/2022,florida,5885004
3/31/2022,texas,6712214
3/4/2020,california,40
3/4/2020,florida,2
3/4/2020,texas,0
3/4/2021,california,3643748
3/4/2021,florida,1930232
3/4/2021,texas,2721397
3/4/2022,california,9004582
3/4/2022,florida,5858052
3/4/2022,texas,6608643
3/4/2023,california,12110179
3/4/2023,florida,7574590
3/4/2023,texas,8454365
3/5/2020,california,50
3/5/2020,florida,3
3/5/2020,texas,3
3/5/2021,california,3649275
3/5/2021,florida,1936207
3/5/2021,texas,2728229
3/5/2022,california,9006020
3/5/2022,florida,5858052
3/5/2022,texas,6612707
3/5/2023,california,12110179
3/5/2023,florida,7574590
3/5/2023,texas,8454365
3/6/2020,california,68
3/6/2020,florida,3
3/6/2020,texas,4
3/6/2021,california,3654074
3/6/2021,florida,1940897
3/6/2021,texas,2733793
3/6/2022,california,9012485
3/6/2022,florida,5858052
3/6/2022,texas,6613289
3/6/2023,california,12110179
3/6/2023,florida,7574590
3/6/2023,texas,8454724
3/7/2020,california,94
3/7/2020,florida,7
3/7/2020,texas,8
3/7/2021,california,3657770
3/7/2021,florida,1944995
3/7/2021,texas,2736750
3/7/2022,california,9019175
3/7/2022,florida,5858052
3/7/2022,texas,6616755
3/7/2023,california,12120965
3/7/2023,florida,7574590
3/7/2023,texas,8455291
3/8/2020,california,113
3/8/2020,florida,10
3/8/2020,texas,11
3/8/2021,california,3660780
3/8/2021,florida,1948307
3/8/2021,texas,2739348
3/8/2022,california,9022599
3/8/2022,florida,5858052
3/8/2022,texas,6621648
3/8/2023,california,12120965
3/8/2023,florida,7574590
3/8/2023,texas,8465925
3/9/2020,california,136
3/9/2020,florida,13
3/9/2020,texas,13
3/9/2021,california,3664212
3/9/2021,florida,1952733
3/9/2021,texas,2744652
3/9/2022,california,9027190
3/9/2022,florida,5858052
3/9/2022,texas,6626818
3/9/2023,california,12129699
3/9/2023,florida,7574590
3/9/2023,texas,8466220
4/1/2020,california,9265
4/1/2020,florida,6956
4/1/2020,texas,3533
4/1/2021,california,3729907
4/1/2021,florida,2064525
4/1/2021,texas,2836465
4/1/2022,california,9108159
4/1/2022,florida,5885004
4/1/2022,texas,6715031
4/10/2020,california,20752
4/10/2020,florida,17531
4/10/2020,texas,9063
4/10/2021,california,3759644
4/10/2021,florida,2118713
4/10/2021,texas,2865869
4/10/2022,california,9132315
4/10/2022,florida,5906352
4/10/2022,texas,6755112
4/11/2020,california,21461
4/11/2020,florida,18494
4/11/2020,texas,9583
4/11/2021,california,3762711
4/11/2021,florida,2124233
4/11/2021,texas,2867647
4/11/2022,california,9135251
4/11/2022,florida,5906352
4/11/2022,texas,6757226
4/12/2020,california,22204
4/12/2020,florida,19895
4/12/2020,texas,9797
4/12/2021,california,3764512
4/12/2021,florida,2125846
4/12/2021,texas,2869310
4/12/2022,california,9144251
4/12/2022,florida,5906352
4/12/2022,texas,6760228
4/13/2020,california,23406
4/13/2020,florida,21019
4/13/2020,texas,10461
4/13/2021,california,3767188
4/13/2021,florida,2134914
4/13/2021,texas,2876589
4/13/2022,california,9145415
4/13/2022,florida,5906352
4/13/2022,texas,6763986
4/14/2020,california,24544
4/14/2020,florida,21628
4/14/2020,texas,11190
4/14/2021,california,3769521
4/14/2021,florida,2141686
4/14/2021,texas,2880004
4/14/2022,california,9152705
4/14/2022,florida,5906352
4/14/2022,texas,6767433
4/15/2020,california,26356
4/15/2020,florida,22511
4/15/2020,texas,11864
4/15/2021,california,3772212
4/15/2021,florida,2148448
4/15/2021,texas,2883274
4/15/2022,california,9155354
4/15/2022,florida,5906352
4/15/2022,texas,6768124
4/16/2020,california,27578
4/16/2020,florida,23343
4/16/2020,texas,12527
4/16/2021,california,3775299
4/16/2021,florida,2155744
4/16/2021,texas,2886753
4/16/2022,california,9155494
4/16/2022,florida,5906352
4/16/2022,texas,6768140
4/17/2020,california,29296
4/17/2020,florida,24759
4/17/2020,texas,13113
4/17/2021,california,3778112
4/17/2021,florida,2162067
4/17/2021,texas,2889431
4/17/2022,california,9155623
4/17/2022,florida,5906352
4/17/2022,texas,6768148
4/18/2020,california,30642
4/18/2020,florida,25492
4/18/2020,texas,13502
4/18/2021,california,3780219
4/18/2021,florida,2168901
4/18/2021,texas,2891338
4/18/2022,california,9166743
4/18/2022,florida,5906352
4/18/2022,texas,6774572
4/19/2020,california,31307
4/19/2020,florida,26314
4/19/2020,texas,13774
4/19/2021,california,3781967
4/19/2021,florida,2173138
4/19/2021,texas,2892539
4/19/2022,california,9169921
4/19/2022,florida,5906352
4/19/2022,texas,6778523
4/2/2020,california,10764
4/2/2020,florida,9008
4/2/2020,texas,4070
4/2/2021,california,3734798
4/2/2021,florida,2071015
4/2/2021,texas,2839965
4/2/2022,california,9108241
4/2/2022,florida,5885004
4/2/2022,texas,6719170
4/20/2020,california,33562
4/20/2020,florida,27059
4/20/2020,texas,14675
4/20/2021,california,3784338
4/20/2021,florida,2178783
4/20/2021,texas,2898701
4/20/2022,california,9171401
4/20/2022,florida,5906352
4/20/2022,texas,6781684
4/21/2020,california,35753
4/21/2020,florida,27869
4/21/2020,texas,15375
4/21/2021,california,3786940
4/21/2021,florida,2184354
4/21/2021,texas,2903563
4/21/2022,california,9183884
4/21/2022,florida,5906352
4/21/2022,texas,6784916
4/22/2020,california,37748
4/22/2020,florida,28309
4/22/2020,texas,16155
4/22/2021,california,3789003
4/22/2021,florida,2191038
4/22/2021,texas,2906898
4/22/2022,california,9188997
4/22/2022,florida,5942723
4/22/2022,texas,6789131
4/23/2020,california,39596
4/23/2020,florida,29648
4/23/2020,texas,17012
4/23/2021,california,3790067
4/23/2021,florida,2196502
4/23/2021,texas,2910368
4/23/2022,california,9189235
4/23/2022,florida,5942723
4/23/2022,texas,6791406
4/24/2020,california,41466
4/24/2020,florida,30533
4/24/2020,texas,17771
4/24/2021,california,3792410
4/24/2021,florida,2203913
4/24/2021,texas,2912824
4/24/2022,california,9189477
4/24/2022,florida,5942723
4/24/2022,texas,6792428
4/25/2020,california,42432
4/25/2020,florida,30839
4/25/2020,texas,18392
4/25/2021,california,3794549
4/25/2021,florida,2208584
4/25/2021,texas,2914237
4/25/2022,california,9206657
4/25/2022,florida,5942723
4/25/2022,texas,6794057
4/26/2020,california,43735
4/26/2020,florida,31532
4/26/2020,texas,18780
4/26/2021,california,3796285
4/26/2021,florida,2212097
4/26/2021,texas,2916163
4/26/2022,california,9211559
4/26/2022,florida,5942723
4/26/2022,texas,6797109
4/27/2020,california,45313
4/27/2020,florida,32138
4/27/2020,texas,20128
4/27/2021,california,3798103
4/27/2021,florida,2217368
4/27/2021,texas,2921780
4/27/2022,california,9213634
4/27/2022,florida,5942723
4/27/2022,texas,6800064
4/28/2020,california,46828
4/28/2020,florida,32848
4/28/2020,texas,20897
4/28/2021,california,3799797
4/28/2021,florida,2222546
4/28/2021,texas,2926029
4/28/2022,california,9227563
4/28/2022,florida,5942723
4/28/2022,texas,6803253
4/29/2020,california,49223
4/29/2020,florida,33193
4/29/2020,texas,22328
4/29/2021,california,3801766
4/29/2021,florida,2228212
4/29/2021,texas,2929589
4/29/2022,california,9233240
4/29/2022,florida,5942723
4/29/2022,texas,6806441
4/3/2020,california,12088
4/3/2020,florida,10268
4/3/2020,texas,4570
4/3/2021,california,3736599
4/3/2021,florida,2077032
4/3/2021,texas,2841609
4/3/2022,california,9108309
4/3/2022,florida,5885004
4/3/2022,texas,6720127
4/30/2020,california,50711
4/30/2020,florida,33690
4/30/2020,texas,23443
4/30/2021,california,3804036
4/30/2021,florida,2233518
4/30/2021,texas,2933104
4/30/2022,california,9233538
4/30/2022,florida,5942723
4/30/2022,texas,6808956
4/4/2020,california,12834
4/4/2020,florida,11537
4/4/2020,texas,5117
4/4/2021,california,3738230
4/4/2021,florida,2081826
4/4/2021,texas,2843324
4/4/2022,california,9115323
4/4/2022,florida,5885004
4/4/2022,texas,6721387
4/5/2020,california,14489
4/5/2020,florida,12350
4/5/2020,texas,5404
4/5/2021,california,3741525
4/5/2021,florida,2085306
4/5/2021,texas,2844283
4/5/2022,california,9117881
4/5/2022,florida,5885004
4/5/2022,texas,6724611
4/6/2020,california,15999
4/6/2020,florida,13324
4/6/2020,texas,6142
4/6/2021,california,3743960
4/6/2021,florida,2090862
4/6/2021,texas,2850052
4/6/2022,california,9119215
4/6/2022,florida,5885004
4/6/2022,texas,6727428
4/7/2020,california,17096
4/7/2020,florida,14545
4/7/2020,texas,6748
4/7/2021,california,3746401
4/7/2021,florida,2096747
4/7/2021,texas,2854578
4/7/2022,california,9126998
4/7/2022,florida,5885004
4/7/2022,texas,6731574
4/8/2020,california,18576
4/8/2020,florida,15456
4/8/2020,texas,7538
4/8/2021,california,3749186
4/8/2021,florida,2104686
4/8/2021,texas,2859276
4/8/2022,california,9132105
4/8/2022,florida,5906352
4/8/2022,texas,6751783
4/9/2020,california,19536
4/9/2020,florida,16364
4/9/2020,texas,8128
4/9/2021,california,3754339
4/9/2021,florida,2111807
4/9/2021,texas,2862672
4/9/2022,california,9132204
4/9/2022,florida,5906352
4/9/2022,texas,6754313
5/1/2020,california,52545
5/1/2020,florida,34728
5/1/2020,texas,24751
5/1/2021,california,3806438
5/1/2021,florida,2238937
5/1/2021,texas,2936594
5/1/2022,california,9233850
5/1/2022,florida,5942723
5/1/2022,texas,6810327
5/10/2020,california,68452
5/10/2020,florida,40596
5/10/2020,texas,33867
5/10/2021,california,3822239
5/10/2021,florida,2272102
5/10/2021,texas,2955741
5/10/2022,california,9323512
5/10/2022,florida,6002153
5/10/2022,texas,6837245
5/11/2020,california,69957
5/11/2020,florida,40982
5/11/2020,texas,34747
5/11/2021,california,3823674
5/11/2021,florida,2275365
5/11/2021,texas,2959700
5/11/2022,california,9327352
5/11/2022,florida,6002153
5/11/2022,texas,6840795
5/12/2020,california,71645
5/12/2020,florida,41923
5/12/2020,texas,36356
5/12/2021,california,3825277
5/12/2021,florida,2278549
5/12/2021,texas,2962063
5/12/2022,california,9341059
5/12/2022,florida,6002153
5/12/2022,texas,6845305
5/13/2020,california,73677
5/13/2020,florida,42402
5/13/2020,texas,37101
5/13/2021,california,3827283
5/13/2021,florida,2282613
5/13/2021,texas,2964509
5/13/2022,california,9350211
5/13/2022,florida,6002153
5/13/2022,texas,6851239
5/14/2020,california,75455
5/14/2020,florida,43210
5/14/2020,texas,37785
5/14/2021,california,3829304
5/14/2021,florida,2286203
5/14/2021,texas,2967118
5/14/2022,california,9350682
5/14/2022,florida,6002153
5/14/2022,texas,6854057
5/15/2020,california,77399
5/15/2020,florida,44138
5/15/2020,texas,38606
5/15/2021,california,3830829
5/15/2021,florida,2289522
5/15/2021,texas,2969102
5/15/2022,california,9351213
5/15/2022,florida,6002153
5/15/2022,texas,6855954
5/16/2020,california,79469
5/16/2020,florida,44811
5/16/2020,texas,40242
5/16/2021,california,3831911
5/16/2021,florida,2292004
5/16/2021,texas,2969752
5/16/2022,california,9391616
5/16/2022,florida,6021780
5/16/2022,texas,6858229
5/17/2020,california,81055
5/17/2020,florida,45588
5/17/2020,texas,40815
5/17/2021,california,3832699
5/17/2021,florida,2293980
5/17/2021,texas,2970260
5/17/2022,california,9403058
5/17/2022,florida,6030141
5/17/2022,texas,6861797
5/18/2020,california,82501
5/18/2020,florida,46442
5/18/2020,texas,42034
5/18/2021,california,3833766
5/18/2021,florida,2296785
5/18/2021,texas,2974340
5/18/2022,california,9408489
5/18/2022,florida,6039475
5/18/2022,texas,6866659
5/19/2020,california,84648
5/19/2020,florida,46944
5/19/2020,texas,43373
5/19/2021,california,3835190
5/19/2021,florida,2299596
5/19/2021,texas,2976342
5/19/2022,california,9437208
5/19/2022,florida,6049740
5/19/2022,texas,6871764
5/2/2020,california,53883
5/2/2020,florida,35463
5/2/2020,texas,25425
5/2/2021,california,3808072
5/2/2021,florida,2242778
5/2/2021,texas,2937903
5/2/2022,california,9254583
5/2/2022,florida,5942723
5/2/2022,texas,6813209
5/20/2020,california,86926
5/20/2020,florida,47471
5/20/2020,texas,44464
5/20/2021,california,3836990
5/20/2021,florida,2302489
5/20/2021,texas,2978241
5/20/2022,california,9449052
5/20/2022,florida,6101783
5/20/2022,texas,6876822
5/21/2020,california,89235
5/21/2020,florida,48675
5/21/2020,texas,45350
5/21/2021,california,3838354
5/21/2021,florida,2304860
5/21/2021,texas,2979819
5/21/2022,california,9449587
5/21/2022,florida,6101783
5/21/2022,texas,6880878
5/22/2020,california,91479
5/22/2020,florida,49451
5/22/2020,texas,46271
5/22/2021,california,3839725
5/22/2021,florida,2308266
5/22/2021,texas,2981172
5/22/2022,california,9450176
5/22/2022,florida,6101783
5/22/2022,texas,6884716
5/23/2020,california,93546
5/23/2020,florida,50127
5/23/2020,texas,46606
5/23/2021,california,3840867
5/23/2021,florida,2310335
5/23/2021,texas,2981943
5/23/2022,california,9495381
5/23/2022,florida,6101783
5/23/2022,texas,6888713
5/24/2020,california,95332
5/24/2020,florida,50867
5/24/2020,texas,47234
5/24/2021,california,3841583
5/24/2021,florida,2311941
5/24/2021,texas,2982634
5/24/2022,california,9509640
5/24/2022,florida,6101783
5/24/2022,texas,6893573
5/25/2020,california,97444
5/25/2020,florida,51746
5/25/2020,texas,47989
5/25/2021,california,3842918
5/25/2021,florida,2313815
5/25/2021,texas,2986597
5/25/2022,california,9515023
5/25/2022,florida,6102614
5/25/2022,texas,6898653
5/26/2020,california,99913
5/26/2020,florida,52255
5/26/2020,texas,49132
5/26/2021,california,3844449
5/26/2021,florida,2316142
5/26/2021,texas,2988763
5/26/2022,california,9545893
5/26/2022,florida,6114014
5/26/2022,texas,6904536
5/27/2020,california,102576
5/27/2020,florida,52634
5/27/2020,texas,50013
5/27/2021,california,3849645
5/27/2021,florida,2318480
5/27/2021,texas,2990056
5/27/2022,california,9560939
5/27/2022,florida,6125115
5/27/2022,texas,6910420
5/28/2020,california,104736
5/28/2020,florida,53285
5/28/2020,texas,51221
5/28/2021,california,3851029
5/28/2021,florida,2320818
5/28/2021,texas,2992088
5/28/2022,california,9561542
5/28/2022,florida,6125115
5/28/2022,texas,6910504
5/29/2020,california,107877
5/29/2020,florida,54497
5/29/2020,texas,52316
5/29/2021,california,3852309
5/29/2021,florida,2320818
5/29/2021,texas,2993165
5/29/2022,california,9562047
5/29/2022,florida,6125115
5/29/2022,texas,6910578
5/3/2020,california,55250
5/3/2020,florida,36078
5/3/2020,texas,25804
5/3/2021,california,3809549
5/3/2021,florida,2245853
5/3/2021,texas,2939455
5/3/2022,california,9260862
5/3/2022,florida,5941724
5/3/2022,texas,6816053
5/30/2020,california,111532
5/30/2020,florida,55424
5/30/2020,texas,53164
5/30/2021,california,3853019
5/30/2021,florida,2320818
5/30/2021,texas,2993551
5/30/2022,california,9606880
5/30/2022,florida,6125115
5/30/2022,texas,6910635
5/31/2020,california,113865
5/31/2020,florida,56163
5/31/2020,texas,53698
5/31/2021,california,3853498
5/31/2021,florida,2320818
5/31/2021,texas,2993696
5/31/2022,california,9620714
5/31/2022,florida,6159702
5/31/2022,texas,6929336
5/4/2020,california,56611
5/4/2020,florida,36897
5/4/2020,texas,26768
5/4/2021,california,3811175
5/4/2021,florida,2249535
5/4/2021,texas,2943605
5/4/2022,california,9263961
5/4/2022,florida,5946185
5/4/2022,texas,6819205
5/5/2020,california,59201
5/5/2020,florida,37439
5/5/2020,texas,27649
5/5/2021,california,3812749
5/5/2021,florida,2253929
5/5/2021,texas,2946098
5/5/2022,california,9277461
5/5/2022,florida,5952643
5/5/2022,texas,6824048
5/6/2020,california,61080
5/6/2020,florida,38002
5/6/2020,texas,28935
5/6/2021,california,3815538
5/6/2021,florida,2258433
5/6/2021,texas,2948459
5/6/2022,california,9288522
5/6/2022,florida,6002153
5/6/2022,texas,6827338
5/7/2020,california,63005
5/7/2020,florida,38828
5/7/2020,texas,30380
5/7/2021,california,3817678
5/7/2021,florida,2262598
5/7/2021,texas,2951382
5/7/2022,california,9288879
5/7/2022,florida,6002153
5/7/2022,texas,6829956
5/8/2020,california,65130
5/8/2020,florida,39199
5/8/2020,texas,31808
5/8/2021,california,3819558
5/8/2021,florida,2266575
5/8/2021,texas,2953566
5/8/2022,california,9289235
5/8/2022,florida,6002153
5/8/2022,texas,6831491
5/9/2020,california,67261
5/9/2020,florida,40001
5/9/2020,texas,33464
5/9/2021,california,3821029
5/9/2021,florida,2269806
5/9/2021,texas,2954986
5/9/2022,california,9315304
5/9/2022,florida,6002153
5/9/2022,texas,6833957
6/1/2020,california,116302
6/1/2020,florida,56830
6/1/2020,texas,54963
6/1/2021,california,3854082
6/1/2021,florida,2326755
6/1/2021,texas,2993859
6/1/2022,california,9626457
6/1/2022,florida,6169670
6/1/2022,texas,6935308
6/10/2020,california,140612
6/10/2020,florida,67371
6/10/2020,texas,78482
6/10/2021,california,3863647
6/10/2021,florida,2332867
6/10/2021,texas,3014341
6/10/2022,california,9794050
6/10/2022,florida,6271284
6/10/2022,texas,6998165
6/11/2020,california,143622
6/11/2020,florida,69069
6/11/2020,texas,80125
6/11/2021,california,3864743
6/11/2021,florida,2344321
6/11/2021,texas,3015795
6/11/2022,california,9794617
6/11/2022,florida,6282014
6/11/2022,texas,7005023
6/12/2020,california,147425
6/12/2020,florida,70971
6/12/2020,texas,82697
6/12/2021,california,3865722
6/12/2021,florida,2344321
6/12/2021,texas,3016863
6/12/2022,california,9795203
6/12/2022,florida,6282014
6/12/2022,texas,7010419
6/13/2020,california,150675
6/13/2020,florida,73552
6/13/2020,texas,83944
6/13/2021,california,3866363
6/13/2021,florida,2344321
6/13/2021,texas,3017185
6/13/2022,california,9843252
6/13/2022,florida,6297767
6/13/2022,texas,7017942
6/14/2020,california,153225
6/14/2020,florida,75568
6/14/2020,texas,85205
6/14/2021,california,3867305
6/14/2021,florida,2344321
6/14/2021,texas,3017562
6/14/2022,california,9858704
6/14/2022,florida,6307534
6/14/2022,texas,7025739
6/15/2020,california,155541
6/15/2020,florida,77326
6/15/2020,texas,89333
6/15/2021,california,3868110
6/15/2021,florida,2344321
6/15/2021,texas,3018865
6/15/2022,california,9865293
6/15/2022,florida,6320890
6/15/2022,texas,7032903
6/16/2020,california,159306
6/16/2020,florida,80109
6/16/2020,texas,93426
6/16/2021,california,3868995
6/16/2021,florida,2344321
6/16/2021,texas,3020298
6/16/2022,california,9883825
6/16/2022,florida,6333646
6/16/2022,texas,7041393
6/17/2020,california,163854
6/17/2020,florida,82719
6/17/2020,texas,97406
6/17/2021,california,3870305
6/17/2021,florida,2344321
6/17/2021,texas,3022063
6/17/2022,california,9898140
6/17/2022,florida,6389198
6/17/2022,texas,7047885
6/18/2020,california,168515
6/18/2020,florida,85926
6/18/2020,texas,100317
6/18/2021,california,3871311
6/18/2021,florida,2354416
6/18/2021,texas,3022999
6/18/2022,california,9898667
6/18/2022,florida,6389198
6/18/2022,texas,7053096
6/19/2020,california,172742
6/19/2020,florida,89748
6/19/2020,texas,104271
6/19/2021,california,3872473
6/19/2021,florida,2354416
6/19/2021,texas,3025003
6/19/2022,california,9899173
6/19/2022,florida,6389198
6/19/2022,texas,7056653
6/2/2020,california,118723
6/2/2020,florida,57447
6/2/2020,texas,56622
6/2/2021,california,3854995
6/2/2021,florida,2327989
6/2/2021,texas,2995859
6/2/2022,california,9650588
6/2/2022,florida,6182874
6/2/2022,texas,6942594
6/20/2020,california,177444
6/20/2020,florida,93797
6/20/2020,texas,108115
6/20/2021,california,3873580
6/20/2021,florida,2354416
6/20/2021,texas,3025533
6/20/2022,california,9953617
6/20/2022,florida,6389198
6/20/2022,texas,7059628
6/21/2020,california,181622
6/21/2020,florida,97291
6/21/2020,texas,110703
6/21/2021,california,3874412
6/21/2021,florida,2354416
6/21/2021,texas,3025619
6/21/2022,california,9964334
6/21/2022,florida,6389198
6/21/2022,texas,7077451
6/22/2020,california,187538
6/22/2020,florida,100217
6/22/2020,texas,114388
6/22/2021,california,3875239
6/22/2021,florida,2354416
6/22/2021,texas,3027411
6/22/2022,california,9970834
6/22/2022,florida,6395154
6/22/2022,texas,7086463
6/23/2020,california,195433
6/23/2020,florida,103503
6/23/2020,texas,120651
6/23/2021,california,3876758
6/23/2021,florida,2354416
6/23/2021,texas,3028086
6/23/2022,california,10003932
6/23/2022,florida,6407648
6/23/2022,texas,7098246
6/24/2020,california,201094
6/24/2020,florida,109014
6/24/2020,texas,126509
6/24/2021,california,3878803
6/24/2021,florida,2354416
6/24/2021,texas,3030322
6/24/2022,california,10025042
6/24/2022,florida,6419490
6/24/2022,texas,7109817
6/25/2020,california,206574
6/25/2020,florida,114018
6/25/2020,texas,131037
6/25/2021,california,3880607
6/25/2021,florida,2365464
6/25/2021,texas,3031990
6/25/2022,california,10025689
6/25/2022,florida,6430582
6/25/2022,texas,7119014
6/26/2020,california,213089
6/26/2020,florida,122960
6/26/2020,texas,140067
6/26/2021,california,3882835
6/26/2021,florida,2365464
6/26/2021,texas,3033818
6/26/2022,california,10026283
6/26/2022,florida,6430582
6/26/2022,texas,7128175
6/27/2020,california,217376
6/27/2020,florida,132545
6/27/2020,texas,145196
6/27/2021,california,3884051
6/27/2021,florida,2365464
6/27/2021,texas,3034139
6/27/2022,california,10075562
6/27/2022,florida,6447100
6/27/2022,texas,7138184
6/28/2020,california,223540
6/28/2020,florida,141075
6/28/2020,texas,150391
6/28/2021,california,3885181
6/28/2021,florida,2365464
6/28/2021,texas,3034324
6/28/2022,california,10093369
6/28/2022,florida,6447100
6/28/2022,texas,7148706
6/29/2020,california,230696
6/29/2020,florida,146341
6/29/2020,texas,158766
6/29/2021,california,3881241
6/29/2021,florida,2365464
6/29/2021,texas,3036646
6/29/2022,california,10100905
6/29/2022,florida,6469540
6/29/2022,texas,7159291
6/3/2020,california,120943
6/3/2020,florida,58764
6/3/2020,texas,57666
6/3/2021,california,3856181
6/3/2021,florida,2329867
6/3/2021,texas,2997711
6/3/2022,california,9664687
6/3/2022,florida,6240440
6/3/2022,texas,6950605
6/30/2020,california,240802
6/30/2020,florida,152434
6/30/2020,texas,166154
6/30/2021,california,3882991
6/30/2021,florida,2365464
6/30/2021,texas,3038251
6/30/2022,california,10137736
6/30/2022,florida,6482295
6/30/2022,texas,7172883
6/4/2020,california,123973
6/4/2020,florida,60183
6/4/2020,texas,65577
6/4/2021,california,3857426
6/4/2021,florida,2329867
6/4/2021,texas,3000467
6/4/2022,california,9665298
6/4/2022,florida,6240440
6/4/2022,texas,6957420
6/5/2020,california,127103
6/5/2020,florida,61488
6/5/2020,texas,68594
6/5/2021,california,3858628
6/5/2021,florida,2332867
6/5/2021,texas,3002445
6/5/2022,california,9665915
6/5/2022,florida,6240440
6/5/2022,texas,6963014
6/6/2020,california,129910
6/6/2020,florida,62758
6/6/2020,texas,69677
6/6/2021,california,3859569
6/6/2021,florida,2332867
6/6/2021,texas,3003082
6/6/2022,california,9720454
6/6/2022,florida,6240440
6/6/2022,texas,6968917
6/7/2020,california,132445
6/7/2020,florida,63938
6/7/2020,texas,70052
6/7/2021,california,3860426
6/7/2021,florida,2332867
6/7/2021,texas,3003588
6/7/2022,california,9737519
6/7/2022,florida,6240440
6/7/2022,texas,6975127
6/8/2020,california,134701
6/8/2020,florida,64904
6/8/2020,texas,71456
6/8/2021,california,3861457
6/8/2021,florida,2332867
6/8/2021,texas,3005378
6/8/2022,california,9744774
6/8/2022,florida,6247227
6/8/2022,texas,6982735
6/9/2020,california,137513
6/9/2020,florida,66000
6/9/2020,texas,75374
6/9/2021,california,3862414
6/9/2021,florida,2332867
6/9/2021,texas,3011871
6/9/2022,california,9776859
6/9/2022,florida,6259362
6/9/2022,texas,6991130
7/1/2020,california,248148
7/1/2020,florida,158997
7/1/2020,texas,173206
7/1/2021,california,3884787
7/1/2021,florida,2365464
7/1/2021,texas,3040497
7/1/2022,california,10156519
7/1/2022,florida,6537512
7/1/2022,texas,7185724
7/10/2020,california,319862
7/10/2020,florida,244151
7/10/2020,texas,243726
7/10/2021,california,3899585
7/10/2021,florida,2404895
7/10/2021,texas,3056224
7/10/2022,california,10275460
7/10/2022,florida,6561833
7/10/2022,texas,7280993
7/11/2020,california,328120
7/11/2020,florida,254511
7/11/2020,texas,251357
7/11/2021,california,3905912
7/11/2021,florida,2404895
7/11/2021,texas,3056830
7/11/2022,california,10343254
7/11/2022,florida,6590900
7/11/2022,texas,7293515
7/12/2020,california,335708
7/12/2020,florida,269811
7/12/2020,texas,257730
7/12/2021,california,3909426
7/12/2021,florida,2404895
7/12/2021,texas,3057375
7/12/2022,california,10364936
7/12/2022,florida,6602374
7/12/2022,texas,7306972
7/13/2020,california,343569
7/13/2020,florida,282435
7/13/2020,texas,268321
7/13/2021,california,3914217
7/13/2021,florida,2404895
7/13/2021,texas,3061050
7/13/2022,california,10372854
7/13/2022,florida,6614806
7/13/2022,texas,7319729
7/14/2020,california,354668
7/14/2020,florida,291629
7/14/2020,texas,277363
7/14/2021,california,3917994
7/14/2021,florida,2404895
7/14/2021,texas,3064179
7/14/2022,california,10412980
7/14/2022,florida,6628345
7/14/2022,texas,7334580
7/15/2020,california,363222
7/15/2020,florida,301810
7/15/2020,texas,287113
7/15/2021,california,3921216
7/15/2021,florida,2404895
7/15/2021,texas,3069050
7/15/2022,california,10427630
7/15/2022,florida,6683581
7/15/2022,texas,7348709
7/16/2020,california,373194
7/16/2020,florida,315775
7/16/2020,texas,295390
7/16/2021,california,3924909
7/16/2021,florida,2450344
7/16/2021,texas,3073343
7/16/2022,california,10437751
7/16/2022,florida,6683581
7/16/2022,texas,7360504
7/17/2020,california,382114
7/17/2020,florida,327241
7/17/2020,texas,301525
7/17/2021,california,3926907
7/17/2021,florida,2450344
7/17/2021,texas,3076959
7/17/2022,california,10438498
7/17/2022,florida,6683581
7/17/2022,texas,7370397
7/18/2020,california,390677
7/18/2020,florida,337569
7/18/2020,texas,311898
7/18/2021,california,3936858
7/18/2021,florida,2450344
7/18/2021,texas,3079119
7/18/2022,california,10494170
7/18/2022,florida,6683581
7/18/2022,texas,7382122
7/19/2020,california,397406
7/19/2020,florida,350047
7/19/2020,texas,317660
7/19/2021,california,3942496
7/19/2021,florida,2450344
7/19/2021,texas,3080198
7/19/2022,california,10513167
7/19/2022,florida,6683581
7/19/2022,texas,7393427
7/2/2020,california,256064
7/2/2020,florida,169106
7/2/2020,texas,178760
7/2/2021,california,3885571
7/2/2021,florida,2381148
7/2/2021,texas,3042403
7/2/2022,california,10157268
7/2/2022,florida,6537512
7/2/2022,texas,7186022
7/20/2020,california,406812
7/20/2020,florida,360394
7/20/2020,texas,327368
7/20/2021,california,3950000
7/20/2021,florida,2450344
7/20/2021,texas,3084654
7/20/2022,california,10521080
7/20/2022,florida,6691964
7/20/2022,texas,7407269
7/21/2020,california,418978
7/21/2020,florida,369834
7/21/2020,texas,337248
7/21/2021,california,3956207
7/21/2021,florida,2450344
7/21/2021,texas,3089869
7/21/2022,california,10557285
7/21/2022,florida,6703842
7/21/2022,texas,7420399
7/22/2020,california,430576
7/22/2020,florida,379619
7/22/2020,texas,346464
7/22/2021,california,3964493
7/22/2021,florida,2450344
7/22/2021,texas,3098455
7/22/2022,california,10579289
7/22/2022,florida,6716112
7/22/2022,texas,7433952
7/23/2020,california,439449
7/23/2020,florida,389868
7/23/2020,texas,355679
7/23/2021,california,3965555
7/23/2021,florida,2523510
7/23/2021,texas,3105992
7/23/2022,california,10579991
7/23/2022,florida,6716112
7/23/2022,texas,7444500
7/24/2020,california,449506
7/24/2020,florida,402312
7/24/2020,texas,364304
7/24/2021,california,3971305
7/24/2021,florida,2523510
7/24/2021,texas,3112580
7/24/2022,california,10580605
7/24/2022,florida,6716112
7/24/2022,texas,7454681
7/25/2020,california,457557
7/25/2020,florida,414511
7/25/2020,texas,369784
7/25/2021,california,3986425
7/25/2021,florida,2523510
7/25/2021,texas,3114965
7/25/2022,california,10629401
7/25/2022,florida,6743157
7/25/2022,texas,7466919
7/26/2020,california,464208
7/26/2020,florida,423855
7/26/2020,texas,374209
7/26/2021,california,3995711
7/26/2021,florida,2523510
7/26/2021,texas,3116591
7/26/2022,california,10647769
7/26/2022,florida,6754722
7/26/2022,texas,7478167
7/27/2020,california,470338
7/27/2020,florida,432747
7/27/2020,texas,384782
7/27/2021,california,4003740
7/27/2021,florida,2523510
7/27/2021,texas,3125251
7/27/2022,california,10656352
7/27/2022,florida,6765875
7/27/2022,texas,7490058
7/28/2020,california,480348
7/28/2020,florida,441977
7/28/2020,texas,394832
7/28/2021,california,4011829
7/28/2021,florida,2523510
7/28/2021,texas,3138298
7/28/2022,california,10689343
7/28/2022,florida,6778523
7/28/2022,texas,7504024
7/29/2020,california,491133
7/29/2020,florida,451423
7/29/2020,texas,401862
7/29/2021,california,4022585
7/29/2021,florida,2523510
7/29/2021,texas,3146488
7/29/2022,california,10708670
7/29/2022,florida,6833033
7/29/2022,texas,7517137
7/3/2020,california,261503
7/3/2020,florida,178594
7/3/2020,texas,185503
7/3/2021,california,3886251
7/3/2021,florida,2381148
7/3/2021,texas,3043840
7/3/2022,california,10157909
7/3/2022,florida,6537512
7/3/2022,texas,7186272
7/30/2020,california,499521
7/30/2020,florida,461379
7/30/2020,texas,410640
7/30/2021,california,4027259
7/30/2021,florida,2634234
7/30/2021,texas,3162711
7/30/2022,california,10709276
7/30/2022,florida,6833033
7/30/2022,texas,7517408
7/31/2020,california,506927
7/31/2020,florida,470386
7/31/2020,texas,419238
7/31/2021,california,4030797
7/31/2021,florida,2634234
7/31/2021,texas,3175606
7/31/2022,california,10709862
7/31/2022,florida,6833033
7/31/2022,texas,7517677
7/4/2020,california,266870
7/4/2020,florida,190052
7/4/2020,texas,189589
7/4/2021,california,3886807
7/4/2021,florida,2381148
7/4/2021,texas,3044265
7/4/2022,california,10209404
7/4/2022,florida,6537512
7/4/2022,texas,7186814
7/5/2020,california,277968
7/5/2020,florida,200111
7/5/2020,texas,196993
7/5/2021,california,3890728
7/5/2021,florida,2381148
7/5/2021,texas,3044615
7/5/2022,california,10227460
7/5/2022,florida,6537512
7/5/2022,texas,7222720
7/6/2020,california,284348
7/6/2020,florida,206447
7/6/2020,texas,204711
7/6/2021,california,3892650
7/6/2021,florida,2381148
7/6/2021,texas,3045622
7/6/2022,california,10233680
7/6/2022,florida,6537512
7/6/2022,texas,7233333
7/7/2020,california,295492
7/7/2020,florida,213794
7/7/2020,texas,212764
7/7/2021,california,3894472
7/7/2021,florida,2381148
7/7/2021,texas,3047470
7/7/2022,california,10261967
7/7/2022,florida,6547636
7/7/2022,texas,7245460
7/8/2020,california,303368
7/8/2020,florida,223783
7/8/2020,texas,223470
7/8/2021,california,3896976
7/8/2021,florida,2381148
7/8/2021,texas,3051498
7/8/2022,california,10273933
7/8/2022,florida,6561833
7/8/2022,texas,7257865
7/9/2020,california,311526
7/9/2020,florida,232718
7/9/2020,texas,233662
7/9/2021,california,3898300
7/9/2021,florida,2404895
7/9/2021,texas,3053898
7/9/2022,california,10274686
7/9/2022,florida,6561833
7/9/2022,texas,7270393
8/1/2020,california,515543
8/1/2020,florida,480028
8/1/2020,texas,423963
8/1/2021,california,4055076
8/1/2021,florida,2634234
8/1/2021,texas,3178043
8/1/2022,california,10754544
8/1/2022,florida,6833033
8/1/2022,texas,7545930
8/10/2020,california,580769
8/10/2020,florida,536961
8/10/2020,texas,518105
8/10/2021,california,4161113
8/10/2021,florida,2782060
8/10/2021,texas,3295272
8/10/2022,california,10875286
8/10/2022,florida,6892701
8/10/2022,texas,7641482
8/11/2020,california,591006
8/11/2020,florida,542792
8/11/2020,texas,530026
8/11/2021,california,4172305
8/11/2021,florida,2806813
8/11/2021,texas,3313449
8/11/2022,california,10897398
8/11/2022,florida,6901581
8/11/2022,texas,7657438
8/12/2020,california,599328
8/12/2020,florida,550901
8/12/2020,texas,539104
8/12/2021,california,4186677
8/12/2021,florida,2827469
8/12/2021,texas,3328567
8/12/2022,california,10910888
8/12/2022,florida,6909415
8/12/2022,texas,7671314
8/13/2020,california,605436
8/13/2020,florida,557137
8/13/2020,texas,545902
8/13/2021,california,4202403
8/13/2021,florida,2920749
8/13/2021,texas,3342247
8/13/2022,california,10911296
8/13/2022,florida,6979951
8/13/2022,texas,7671511
8/14/2020,california,619801
8/14/2020,florida,563285
8/14/2020,texas,561507
8/14/2021,california,4215569
8/14/2021,florida,2920749
8/14/2021,texas,3368819
8/14/2022,california,10911732
8/14/2022,florida,6979951
8/14/2022,texas,7671645
8/15/2020,california,627458
8/15/2020,florida,569637
8/15/2020,texas,570718
8/15/2021,california,4226281
8/15/2021,florida,2920749
8/15/2021,texas,3374026
8/15/2022,california,10943525
8/15/2022,florida,6979951
8/15/2022,texas,7693742
8/16/2020,california,633581
8/16/2020,florida,573416
8/16/2020,texas,573607
8/16/2021,california,4239644
8/16/2021,florida,2933429
8/16/2021,texas,3379901
8/16/2022,california,10955047
8/16/2022,florida,6979951
8/16/2022,texas,7701995
8/17/2020,california,638248
8/17/2020,florida,576094
8/17/2020,texas,581412
8/17/2021,california,4255007
8/17/2021,florida,2955098
8/17/2021,texas,3404181
8/17/2022,california,10960577
8/17/2022,florida,6952951
8/17/2022,texas,7710820
8/18/2020,california,644713
8/18/2020,florida,579932
8/18/2020,texas,590434
8/18/2021,california,4268836
8/18/2021,florida,2978433
8/18/2021,texas,3429689
8/18/2022,california,10980059
8/18/2022,florida,6952951
8/18/2022,texas,7721247
8/19/2020,california,650705
8/19/2020,florida,584047
8/19/2020,texas,598280
8/19/2021,california,4284241
8/19/2021,florida,2994019
8/19/2021,texas,3444033
8/19/2022,california,10988297
8/19/2022,florida,6954834
8/19/2022,texas,7730249
8/2/2020,california,521114
8/2/2020,florida,487132
8/2/2020,texas,428563
8/2/2021,california,4064889
8/2/2021,florida,2634234
8/2/2021,texas,3182448
8/2/2022,california,10771506
8/2/2022,florida,6833033
8/2/2022,texas,7560454
8/20/2020,california,656276
8/20/2020,florida,588602
8/20/2020,texas,603035
8/20/2021,california,4309627
8/20/2021,florida,3071489
8/20/2021,texas,3461175
8/20/2022,california,10988717
8/20/2022,florida,6954834
8/20/2022,texas,7730439
8/21/2020,california,662858
8/21/2020,florida,593286
8/21/2020,texas,608659
8/21/2021,california,4323642
8/21/2021,florida,3071489
8/21/2021,texas,3490811
8/21/2022,california,10989124
8/21/2022,florida,6954834
8/21/2022,texas,7730577
8/22/2020,california,669330
8/22/2020,florida,597597
8/22/2020,texas,612652
8/22/2021,california,4333425
8/22/2021,florida,3071489
8/22/2021,texas,3495311
8/22/2022,california,11021065
8/22/2022,florida,6971052
8/22/2022,texas,7749942
8/23/2020,california,674344
8/23/2020,florida,600571
8/23/2020,texas,615723
8/23/2021,california,4347481
8/23/2021,florida,3082733
8/23/2021,texas,3501123
8/23/2022,california,11031327
8/23/2022,florida,6977905
8/23/2022,texas,7756822
8/24/2020,california,678831
8/24/2020,florida,602829
8/24/2020,texas,619102
8/24/2021,california,4360704
8/24/2021,florida,3103941
8/24/2021,texas,3522222
8/24/2022,california,11035988
8/24/2022,florida,6984510
8/24/2022,texas,7765419
8/25/2020,california,684944
8/25/2020,florida,605502
8/25/2020,texas,626307
8/25/2021,california,4373928
8/25/2021,florida,3130144
8/25/2021,texas,3546561
8/25/2022,california,11053518
8/25/2022,florida,6991770
8/25/2022,texas,7774590
8/26/2020,california,689300
8/26/2020,florida,608722
8/26/2020,texas,631210
8/26/2021,california,4388510
8/26/2021,florida,3151909
8/26/2021,texas,3563766
8/26/2022,california,11064387
8/26/2022,florida,7041916
8/26/2022,texas,7784123
8/27/2020,california,694735
8/27/2020,florida,611991
8/27/2020,texas,639318
8/27/2021,california,4404807
8/27/2021,florida,3223249
8/27/2021,texas,3581134
8/27/2022,california,11064750
8/27/2022,florida,7041916
8/27/2022,texas,7784295
8/28/2020,california,699733
8/28/2020,florida,615806
8/28/2020,texas,644951
8/28/2021,california,4419212
8/28/2021,florida,3223249
8/28/2021,texas,3597881
8/28/2022,california,11065108
8/28/2022,florida,7041916
8/28/2022,texas,7784417
8/29/2020,california,705610
8/29/2020,florida,619003
8/29/2020,texas,648965
8/29/2021,california,4430561
8/29/2021,florida,3223249
8/29/2021,texas,3601596
8/29/2022,california,11088709
8/29/2022,florida,7042096
8/29/2022,texas,7802037
8/3/2020,california,525720
8/3/2020,florida,491884
8/3/2020,texas,433421
8/3/2021,california,4075002
8/3/2021,florida,2634234
8/3/2021,texas,3197050
8/3/2022,california,10779117
8/3/2022,florida,6834572
8/3/2022,texas,7571469
8/30/2020,california,709746
8/30/2020,florida,621586
8/30/2020,texas,650429
8/30/2021,california,4443432
8/30/2021,florida,3231846
8/30/2021,texas,3611557
8/30/2022,california,11097084
8/30/2022,florida,7042096
8/30/2022,texas,7813113
8/31/2020,california,713644
8/31/2020,florida,623471
8/31/2020,texas,655014
8/31/2021,california,4467709
8/31/2021,florida,3250454
8/31/2021,texas,3640339
8/31/2022,california,11100962
8/31/2022,florida,7042096
8/31/2022,texas,7820992
8/4/2020,california,531883
8/4/2020,florida,497330
8/4/2020,texas,451098
8/4/2021,california,4085255
8/4/2021,florida,2634234
8/4/2021,texas,3216380
8/4/2022,california,10805873
8/4/2022,florida,6845953
8/4/2022,texas,7582880
8/5/2020,california,537626
8/5/2020,florida,502739
8/5/2020,texas,460425
8/5/2021,california,4100408
8/5/2021,florida,2634234
8/5/2021,texas,3230125
8/5/2022,california,10820747
8/5/2022,florida,6855234
8/5/2022,texas,7595008
8/6/2020,california,546010
8/6/2020,florida,510389
8/6/2020,texas,470149
8/6/2021,california,4114388
8/6/2021,florida,2768985
8/6/2021,texas,3249257
8/6/2022,california,10821272
8/6/2022,florida,6855234
8/6/2022,texas,7595617
8/7/2020,california,553697
8/7/2020,florida,518075
8/7/2020,texas,478227
8/7/2021,california,4127135
8/7/2021,florida,2768985
8/7/2021,texas,3269324
8/7/2022,california,10821742
8/7/2022,florida,6855234
8/7/2022,texas,7595818
8/8/2020,california,561956
8/8/2020,florida,526577
8/8/2020,texas,493381
8/8/2021,california,4136743
8/8/2021,florida,2768985
8/8/2021,texas,3275153
8/8/2022,california,10857901
8/8/2022,florida,6875931
8/8/2022,texas,7618536
8/9/2020,california,569313
8/9/2020,florida,532806
8/9/2020,texas,505411
8/9/2021,california,4149824
8/9/2021,florida,2768985
8/9/2021,texas,3277639
8/9/2022,california,10862157
8/9/2022,florida,6884224
8/9/2022,texas,7628928
9/1/2020,california,717892
9/1/2020,florida,631040
9/1/2020,texas,658712
9/1/2021,california,4479583
9/1/2021,florida,3269502
9/1/2021,texas,3662094
9/1/2022,california,11116696
9/1/2022,florida,7042096
9/1/2022,texas,7831289
9/10/2020,california,752275
9/10/2020,florida,654731
9/10/2020,texas,690801
9/10/2021,california,4575727
9/10/2021,florida,3452700
9/10/2021,texas,3837258
9/10/2022,california,11170505
9/10/2022,florida,7108060
9/10/2022,texas,7884051
9/11/2020,california,756521
9/11/2020,florida,658381
9/11/2020,texas,693754
9/11/2021,california,4584210
9/11/2021,florida,3452700
9/11/2021,texas,3850559
9/11/2022,california,11170680
9/11/2022,florida,7108060
9/11/2022,texas,7884146
9/12/2020,california,761084
9/12/2020,florida,661571
9/12/2020,texas,700280
9/12/2021,california,4590468
9/12/2021,florida,3452700
9/12/2021,texas,3855052
9/12/2022,california,11175676
9/12/2022,florida,7108176
9/12/2022,texas,7899101
9/13/2020,california,763934
9/13/2020,florida,663994
9/13/2020,texas,710126
9/13/2021,california,4605956
9/13/2021,florida,3452700
9/13/2021,texas,3865268
9/13/2022,california,11191286
9/13/2022,florida,7109769
9/13/2022,texas,7900284
9/14/2020,california,766400
9/14/2020,florida,665730
9/14/2020,texas,714438
9/14/2021,california,4615039
9/14/2021,florida,3453390
9/14/2021,texas,3889279
9/14/2022,california,11193361
9/14/2022,florida,7109769
9/14/2022,texas,7909535
9/15/2020,california,769415
9/15/2020,florida,668846
9/15/2020,texas,718157
9/15/2021,california,4623646
9/15/2021,florida,3464113
9/15/2021,texas,3914471
9/15/2022,california,11200679
9/15/2022,florida,7109769
9/15/2022,texas,7910640
9/16/2020,california,772838
9/16/2020,florida,671201
9/16/2020,texas,722194
9/16/2021,california,4633955
9/16/2021,florida,3473873
9/16/2021,texas,3933641
9/16/2022,california,11203557
9/16/2022,florida,7109769
9/16/2022,texas,7920762
9/17/2020,california,776614
9/17/2020,florida,674456
9/17/2020,texas,725946
9/17/2021,california,4643962
9/17/2021,florida,3528698
9/17/2021,texas,3952249
9/17/2022,california,11203716
9/17/2022,florida,7109769
9/17/2022,texas,7920829
9/18/2020,california,780948
9/18/2020,florida,677660
9/18/2020,texas,731364
9/18/2021,california,4652503
9/18/2021,florida,3528698
9/18/2021,texas,3967219
9/18/2022,california,11203897
9/18/2022,florida,7109769
9/18/2022,texas,7920883
9/19/2020,california,785095
9/19/2020,florida,681233
9/19/2020,texas,736134
9/19/2021,california,4658384
9/19/2021,florida,3528698
9/19/2021,texas,3969769
9/19/2022,california,11207745
9/19/2022,florida,7109769
9/19/2022,texas,7931355
9/2/2020,california,723158
9/2/2020,florida,633442
9/2/2020,texas,662445
9/2/2021,california,4492188
9/2/2021,florida,3291225
9/2/2021,texas,3684434
9/2/2022,california,11126050
9/2/2022,florida,7042096
9/2/2022,texas,7842048
9/20/2020,california,788330
9/20/2020,florida,683754
9/20/2020,texas,745644
9/20/2021,california,4666921
9/20/2021,florida,3528698
9/20/2021,texas,3975101
9/20/2022,california,11224277
9/20/2022,florida,7109769
9/20/2022,texas,7932446
9/21/2020,california,791172
9/21/2020,florida,685439
9/21/2020,texas,749091
9/21/2021,california,4674626
9/21/2021,florida,3528698
9/21/2021,texas,3988858
9/21/2022,california,11225960
9/21/2022,florida,7109769
9/21/2022,texas,7938427
9/22/2020,california,794466
9/22/2020,florida,687909
9/22/2020,texas,752803
9/22/2021,california,4682104
9/22/2021,florida,3527250
9/22/2021,texas,4007951
9/22/2022,california,11234344
9/22/2022,florida,7109769
9/22/2022,texas,7939157
9/23/2020,california,797833
9/23/2020,florida,690499
9/23/2020,texas,757598
9/23/2021,california,4689652
9/23/2021,florida,3531465
9/23/2021,texas,4020452
9/23/2022,california,11237112
9/23/2022,florida,7150188
9/23/2022,texas,7945739
9/24/2020,california,801454
9/24/2020,florida,693040
9/24/2020,texas,763464
9/24/2021,california,4692311
9/24/2021,florida,3582807
9/24/2021,texas,4034290
9/24/2022,california,11237277
9/24/2022,florida,7150188
9/24/2022,texas,7945806
9/25/2020,california,805711
9/25/2020,florida,695887
9/25/2020,texas,767015
9/25/2021,california,4694107
9/25/2021,florida,3582807
9/25/2021,texas,4046728
9/25/2022,california,11237433
9/25/2022,florida,7150188
9/25/2022,texas,7945861
9/26/2020,california,809749
9/26/2020,florida,698682
9/26/2020,texas,769038
9/26/2021,california,4711742
9/26/2021,florida,3582807
9/26/2021,texas,4052023
9/26/2022,california,11240958
9/26/2022,florida,7150188
9/26/2022,texas,7952351
9/27/2020,california,812571
9/27/2020,florida,700564
9/27/2020,texas,770237
9/27/2021,california,4719366
9/27/2021,florida,3582807
9/27/2021,texas,4057961
9/27/2022,california,11257602
9/27/2022,florida,7150188
9/27/2022,texas,7953131
9/28/2020,california,814883
9/28/2020,florida,701302
9/28/2020,texas,776920
9/28/2021,california,4726604
9/28/2021,florida,3582807
9/28/2021,texas,4073183
9/28/2022,california,11259190
9/28/2022,florida,7150188
9/28/2022,texas,7953806
9/29/2020,california,818277
9/29/2020,florida,704568
9/29/2020,texas,781580
9/29/2021,california,4733332
9/29/2021,florida,3582807
9/29/2021,texas,4085811
9/29/2022,california,11266865
9/29/2022,florida,7150188
9/29/2022,texas,7964218
9/3/2020,california,728243
9/3/2020,florida,637013
9/3/2020,texas,666892
9/3/2021,california,4504720
9/3/2021,florida,3352451
9/3/2021,texas,3711389
9/3/2022,california,11126317
9/3/2022,florida,7042096
9/3/2022,texas,7842197
9/30/2020,california,821473
9/30/2020,florida,706516
9/30/2020,texas,784955
9/30/2021,california,4741827
9/30/2021,florida,3582807
9/30/2021,texas,4096815
9/30/2022,california,11269808
9/30/2022,florida,7150188
9/30/2022,texas,7967713
9/4/2020,california,733227
9/4/2020,florida,640211
9/4/2020,texas,670462
9/4/2021,california,4516095
9/4/2021,florida,3352451
9/4/2021,texas,3728939
9/4/2022,california,11126549
9/4/2022,florida,7042096
9/4/2022,texas,7842291
9/5/2020,california,738059
9/5/2020,florida,643867
9/5/2020,texas,674346
9/5/2021,california,4524560
9/5/2021,florida,3352451
9/5/2021,texas,3736603
9/5/2022,california,11144297
9/5/2022,florida,7042096
9/5/2022,texas,7842552
9/6/2020,california,741080
9/6/2020,florida,646431
9/6/2020,texas,675995
9/6/2021,california,4531818
9/6/2021,florida,3352451
9/6/2021,texas,3740880
9/6/2022,california,11150546
9/6/2022,florida,7051414
9/6/2022,texas,7864424
9/7/2020,california,743648
9/7/2020,florida,648269
9/7/2020,texas,677828
9/7/2021,california,4543100
9/7/2021,florida,3364998
9/7/2021,texas,3748046
9/7/2022,california,11152819
9/7/2022,florida,7051414
9/7/2022,texas,7870732
9/8/2020,california,745445
9/8/2020,florida,650092
9/8/2020,texas,682184
9/8/2021,california,4551861
9/8/2021,florida,3378772
9/8/2021,texas,3783846
9/8/2022,california,11163939
9/8/2022,florida,7061296
9/8/2022,texas,7877400
9/9/2020,california,748875
9/9/2020,florida,652259
9/9/2020,texas,685795
9/9/2021,california,4559756
9/9/2021,florida,3391158
9/9/2021,texas,3813680
9/9/2022,california,11168422
9/9/2022,florida,7108060
9/9/2022,texas,7883938
